- Validating...
✓ change/add-provider-neutral-ai-flows
✓ change/add-structured-action-inputs
✓ change/compose-durable-mutation-recovery
✓ change/design-capability-adapters
✓ change/design-provider-neutral-auth
✓ change/enforce-resource-transitions
✓ change/establish-rom
✓ change/evaluate-query-compensation-and-skills
✓ change/expose-studio-control-api
✓ change/harden-core-and-add-cli
✓ change/improve-studio-ergonomics-0-0-3
✓ change/integrate-resource-mvp
✓ change/prepare-framework-release
✓ change/release-rom-0-0-2-studio
✓ change/release-rom-0-1-0
✓ change/support-captured-transition-validation
✓ change/support-delayed-channel-intents
Totals: 17 passed, 0 failed (17 items)
TAP version 13
# Subtest: application copy keeps required test support but excludes private files and build caches
ok 1 - application copy keeps required test support but excludes private files and build caches
  ---
  duration_ms: 17.837595
  type: 'test'
  ...
# Subtest: dependency path audit rejects a ROM dependency resolved from the checkout or a sibling prefix
ok 2 - dependency path audit rejects a ROM dependency resolved from the checkout or a sibling prefix
  ---
  duration_ms: 0.272968
  type: 'test'
  ...
# Subtest: copied application inventory includes hidden configuration and shared support bytes
ok 3 - copied application inventory includes hidden configuration and shared support bytes
  ---
  duration_ms: 23.503174
  type: 'test'
  ...
# Subtest: successful tool cannot leave a live stdio-closed child
ok 4 - successful tool cannot leave a live stdio-closed child
  ---
  duration_ms: 197.702793
  type: 'test'
  ...
# Subtest: SIGTERM terminates the active owned tool group
ok 5 - SIGTERM terminates the active owned tool group
  ---
  duration_ms: 135.349379
  type: 'test'
  ...
# Subtest: SIGINT terminates the active owned tool group
ok 6 - SIGINT terminates the active owned tool group
  ---
  duration_ms: 149.778721
  type: 'test'
  ...
# Subtest: deadline preserves failure and stops descendants
ok 7 - deadline preserves failure and stops descendants
  ---
  duration_ms: 1009.700635
  type: 'test'
  ...
# Subtest: output budget preserves failure and stops descendants
ok 8 - output budget preserves failure and stops descendants
  ---
  duration_ms: 33.708555
  type: 'test'
  ...
# Subtest: manifest rewrite changes only four direct ROM paths and preserves Astrorust, features, lints, workspace and dev dependencies
ok 9 - manifest rewrite changes only four direct ROM paths and preserves Astrorust, features, lints, workspace and dev dependencies
  ---
  duration_ms: 10.832041
  type: 'test'
  ...
# Subtest: copy creates new private app inputs and routes exact extracted packages without copying ROM vendor
ok 10 - copy creates new private app inputs and routes exact extracted packages without copying ROM vendor
  ---
  duration_ms: 18.405774
  type: 'test'
  ...
# Subtest: source symlinks, symbolic package ancestors and unsafe output paths fail closed
ok 11 - source symlinks, symbolic package ancestors and unsafe output paths fail closed
  ---
  duration_ms: 18.682218
  type: 'test'
  ...
# Subtest: unknown and missing extracted packages are rejected
ok 12 - unknown and missing extracted packages are rejected
  ---
  duration_ms: 9.84148
  type: 'test'
  ...
# Subtest: graph audit rejects checkout paths, unexpected versions, mutation and unknown local crates
ok 13 - graph audit rejects checkout paths, unexpected versions, mutation and unknown local crates
  ---
  duration_ms: 9.649085
  type: 'test'
  ...
# Subtest: registry drift requires exact candidate version, source and checksum evidence
ok 14 - registry drift requires exact candidate version, source and checksum evidence
  ---
  duration_ms: 5.20792
  type: 'test'
  ...
# Subtest: runner rejects absent or unbounded explicit time/output budgets before preparing or launching Cargo
ok 15 - runner rejects absent or unbounded explicit time/output budgets before preparing or launching Cargo
  ---
  duration_ms: 2.42774
  type: 'test'
  ...
# Subtest: failed tool retains final source drift audit without replacing its primary failure
ok 16 - failed tool retains final source drift audit without replacing its primary failure
  ---
  duration_ms: 59.043598
  type: 'test'
  ...
# Subtest: external application manifest retains exact identity, optional features and dependency scopes
ok 17 - external application manifest retains exact identity, optional features and dependency scopes
  ---
  duration_ms: 0.862838
  type: 'test'
  ...
# Subtest: unsupported dependency kinds and alternate registries fail explicitly
ok 18 - unsupported dependency kinds and alternate registries fail explicitly
  ---
  duration_ms: 0.424747
  type: 'test'
  ...
# Subtest: complete static asset identity rejects changed, missing, and extra files
ok 19 - complete static asset identity rejects changed, missing, and extra files
  ---
  duration_ms: 8.395063
  type: 'test'
  ...
# Subtest: asset admission rejects links, caches, invalid UTF8, and external or escaping references
ok 20 - asset admission rejects links, caches, invalid UTF8, and external or escaping references
  ---
  duration_ms: 8.013007
  type: 'test'
  ...
# Subtest: fresh offline build produces an exclusively created immutable asset extraction
ok 21 - fresh offline build produces an exclusively created immutable asset extraction
  ---
  duration_ms: 85.58368
  type: 'test'
  ...
# Subtest: npm failures and changed copied lock prevent acceptance and retain command evidence
ok 22 - npm failures and changed copied lock prevent acceptance and retain command evidence
  ---
  duration_ms: 10.802194
  type: 'test'
  ...
# Subtest: packaged consumer must build locked inputs and run the actual-host command on the extraction
ok 23 - packaged consumer must build locked inputs and run the actual-host command on the extraction
  ---
  duration_ms: 70.446463
  type: 'test'
  ...
# Subtest: packaged consumer retains incomplete evidence if host fails or changes accepted assets
ok 24 - packaged consumer retains incomplete evidence if host fails or changes accepted assets
  ---
  duration_ms: 150.761227
  type: 'test'
  ...
# Subtest: shared installation retains portable module IDs and exact licenses
ok 25 - shared installation retains portable module IDs and exact licenses
  ---
  duration_ms: 17.03987
  type: 'test'
  ...
# Subtest: shared installation still rejects missing licenses, changed identity and external modules
ok 26 - shared installation still rejects missing licenses, changed identity and external modules
  ---
  duration_ms: 11.285
  type: 'test'
  ...
# Subtest: package links cannot extend the configured installation boundary
ok 27 - package links cannot extend the configured installation boundary
  ---
  duration_ms: 6.323369
  type: 'test'
  ...
# Subtest: emitted runtime ownership retains exact license and notice bytes without requiring SPDX
ok 28 - emitted runtime ownership retains exact license and notice bytes without requiring SPDX
  ---
  duration_ms: 4.091801
  type: 'test'
  ...
# Subtest: build refuses missing full license text, unknown virtual code, or an untrusted package owner
ok 29 - build refuses missing full license text, unknown virtual code, or an untrusted package owner
  ---
  duration_ms: 11.470784
  type: 'test'
  ...
# Subtest: asset admission fails closed on missing inventory, missing or changed notices, and uncovered JavaScript
ok 30 - asset admission fails closed on missing inventory, missing or changed notices, and uncovered JavaScript
  ---
  duration_ms: 6.104793
  type: 'test'
  ...
# Subtest: inventory rejects missing owner bindings and malformed notice metadata before admission
ok 31 - inventory rejects missing owner bindings and malformed notice metadata before admission
  ---
  duration_ms: 6.768033
  type: 'test'
  ...
# Subtest: distinct transformed module IDs preserve query suffixes in the emitted inventory
ok 32 - distinct transformed module IDs preserve query suffixes in the emitted inventory
  ---
  duration_ms: 4.307771
  type: 'test'
  ...
# Subtest: unclassified JavaScript assets cannot bypass emitted runtime provenance
ok 33 - unclassified JavaScript assets cannot bypass emitted runtime provenance
  ---
  duration_ms: 5.449839
  type: 'test'
  ...
# Subtest: copied responsive hook and imported CSS retain their actual owners
ok 34 - copied responsive hook and imported CSS retain their actual owners
  ---
  duration_ms: 6.662793
  type: 'test'
  ...
# Subtest: emitted SVAR modules retain the original MIT notice with their pinned source commit
ok 35 - emitted SVAR modules retain the original MIT notice with their pinned source commit
  ---
  duration_ms: 3.910666
  type: 'test'
  ...
# Subtest: inventory rejects emitted SVAR code stripped of its required owner
ok 36 - inventory rejects emitted SVAR code stripped of its required owner
  ---
  duration_ms: 8.837473
  type: 'test'
  ...
# Subtest: SVAR owner cannot silently change its source commit or retained license profile
ok 37 - SVAR owner cannot silently change its source commit or retained license profile
  ---
  duration_ms: 21.690181
  type: 'test'
  ...
# Subtest: runtime polyfill ownership resolves rolldown through the installed Vite dependency tree
ok 38 - runtime polyfill ownership resolves rolldown through the installed Vite dependency tree
  ---
  duration_ms: 16.680267
  type: 'test'
  ...
# Subtest: ROM UI styles retain their nested shadcn and animation owners
ok 39 - ROM UI styles retain their nested shadcn and animation owners
  ---
  duration_ms: 5.233208
  type: 'test'
  ...
# Subtest: Studio copied inputs retain complete regular sources and exact npm identities
ok 40 - Studio copied inputs retain complete regular sources and exact npm identities
  ---
  duration_ms: 31.154404
  type: 'test'
  ...
# Subtest: Studio source refuses incomplete inputs, incompatible npm lock, and source links
ok 41 - Studio source refuses incomplete inputs, incompatible npm lock, and source links
  ---
  duration_ms: 5.426656
  type: 'test'
  ...
# Subtest: private frontend environment and key inputs are never admitted to a fresh copy
ok 42 - private frontend environment and key inputs are never admitted to a fresh copy
  ---
  duration_ms: 5.21318
  type: 'test'
  ...
# gzip: /var/tmp/rom-artifact-test-8IookV/truncated-source.tar.gz: unexpected end of file
# Subtest: commit extraction consumes only the Git header from a large source archive
ok 43 - commit extraction consumes only the Git header from a large source archive
  ---
  duration_ms: 339.732979
  type: 'test'
  ...
# Subtest: commit extraction rejects a tree archive with no commit marker
ok 44 - commit extraction rejects a tree archive with no commit marker
  ---
  duration_ms: 100.572725
  type: 'test'
  ...
# Subtest: commit extraction still rejects incomplete gzip content
ok 45 - commit extraction still rejects incomplete gzip content
  ---
  duration_ms: 100.729282
  type: 'test'
  ...
# Release gate 1/8: ./scripts/check 
# Release gate 2/8: ./scripts/build --release
# Release gate 3/8: ./demo/verify 
# Release gate 4/8: ./demo/verify-provider 
# Release gate 5/8: ./scripts/check-skills 
# Release gate 6/8: node scripts/check-packages.mjs /var/tmp/rom-artifact-test-DQryeS/source
# Release gate 7/8: ./scripts/studio-browser-runtime-check 
# Release gate 8/8: ./demo/verify-studio --assets-dir /var/tmp/rom-artifact-test-DQryeS/.rom-release-stage-oJbUwu/.studio-work-vkBl70/extracted/rom-0.0.3-435d01bda278-studio
# Completed local source artifacts: /var/tmp/rom-artifact-test-DQryeS/completed
# Release gate 1/8: ./scripts/check 
# Release gate 2/8: ./scripts/build --release
# Release gate 3/8: ./demo/verify 
# Release gate 4/8: ./demo/verify-provider 
# Release gate 5/8: ./scripts/check-skills 
# Release gate 6/8: node scripts/check-packages.mjs /var/tmp/rom-artifact-test-u4Tfun/source
# Release gate 7/8: ./scripts/studio-browser-runtime-check 
# Release gate 8/8: ./demo/verify-studio --assets-dir /var/tmp/rom-artifact-test-u4Tfun/.rom-release-stage-mHXPKY/.studio-work-4EiFqu/extracted/rom-0.0.3-363fadc406a9-studio
# Completed local source artifacts: /var/tmp/rom-artifact-test-u4Tfun/completed
# Release gate 1/8: ./scripts/check 
# Release gate 2/8: ./scripts/build --release
# Release gate 3/8: ./demo/verify 
# Release gate 4/8: ./demo/verify-provider 
# Release gate 5/8: ./scripts/check-skills 
# Release gate 6/8: node scripts/check-packages.mjs /var/tmp/rom-artifact-test-gR6tk2/source
# Release gate 7/8: ./scripts/studio-browser-runtime-check 
# Release gate 8/8: ./demo/verify-studio --assets-dir /var/tmp/rom-artifact-test-gR6tk2/.rom-release-stage-RVupiv/.studio-work-qToKTt/extracted/rom-0.0.3-1b62e59d73c2-studio
# Completed local source artifacts: /var/tmp/rom-artifact-test-gR6tk2/completed
# Release gate 1/8: ./scripts/check 
# Release gate 2/8: ./scripts/build --release
# Release gate 3/8: ./demo/verify 
# Release gate 4/8: ./demo/verify-provider 
# Release gate 5/8: ./scripts/check-skills 
# Release gate 6/8: node scripts/check-packages.mjs /var/tmp/rom-artifact-test-wzc9Ud/source
# Release gate 7/8: ./scripts/studio-browser-runtime-check 
# Release gate 8/8: ./demo/verify-studio --assets-dir /var/tmp/rom-artifact-test-wzc9Ud/.rom-release-stage-Da9lUU/.studio-work-SR4eAg/extracted/rom-0.0.3-1b62e59d73c2-studio
# Completed local source artifacts: /var/tmp/rom-artifact-test-wzc9Ud/completed
# Release gate 1/8: ./scripts/check 
# Release gate 2/8: ./scripts/build --release
# Release gate 3/8: ./demo/verify 
# Release gate 4/8: ./demo/verify-provider 
# Release gate 5/8: ./scripts/check-skills 
# Release gate 6/8: node scripts/check-packages.mjs /var/tmp/rom-artifact-test-6tYutf/source
# Release gate 7/8: ./scripts/studio-browser-runtime-check 
# Release gate 8/8: ./demo/verify-studio --assets-dir /var/tmp/rom-artifact-test-6tYutf/.rom-release-stage-pFeLdE/.studio-work-FRcOE9/extracted/rom-0.0.3-5cd4b1e8f15e-studio
# Completed local source artifacts: /var/tmp/rom-artifact-test-6tYutf/completed
# Release gate 1/8: ./scripts/check 
# Release gate 2/8: ./scripts/build --release
# Release gate 3/8: ./demo/verify 
# Release gate 4/8: ./demo/verify-provider 
# Release gate 5/8: ./scripts/check-skills 
# Release gate 6/8: node scripts/check-packages.mjs /var/tmp/rom-artifact-test-Zmjzl2/source
# Release gate 7/8: ./scripts/studio-browser-runtime-check 
# Release gate 8/8: ./demo/verify-studio --assets-dir /var/tmp/rom-artifact-test-Zmjzl2/.rom-release-stage-CxbyIX/.studio-work-dypbzo/extracted/rom-0.0.3-5cd4b1e8f15e-studio
# Completed local source artifacts: /var/tmp/rom-artifact-test-Zmjzl2/completed
# Release gate 1/8: ./scripts/check 
# Release gate 2/8: ./scripts/build --release
# Release gate 3/8: ./demo/verify 
# Release gate 4/8: ./demo/verify-provider 
# Release gate 5/8: ./scripts/check-skills 
# Release gate 6/8: node scripts/check-packages.mjs /var/tmp/rom-artifact-test-xqqKh7/source
# Release gate 7/8: ./scripts/studio-browser-runtime-check 
# Release gate 8/8: ./demo/verify-studio --assets-dir /var/tmp/rom-artifact-test-xqqKh7/.rom-release-stage-1VvtBJ/.studio-work-SYGKl4/extracted/rom-0.0.3-53253f6ade9b-studio
# Completed local source artifacts: /var/tmp/rom-artifact-test-xqqKh7/completed
# Release gate 1/8: ./scripts/check 
# Release gate 2/8: ./scripts/build --release
# Release gate 3/8: ./demo/verify 
# Release gate 4/8: ./demo/verify-provider 
# Release gate 5/8: ./scripts/check-skills 
# Release gate 6/8: node scripts/check-packages.mjs /var/tmp/rom-artifact-test-zZft45/source
# Release gate 7/8: ./scripts/studio-browser-runtime-check 
# Release gate 8/8: ./demo/verify-studio --assets-dir /var/tmp/rom-artifact-test-zZft45/.rom-release-stage-fDV7i9/.studio-work-JYSCdY/extracted/rom-0.0.3-53253f6ade9b-studio
# Completed local source artifacts: /var/tmp/rom-artifact-test-zZft45/completed
# Release gate 1/8: ./scripts/check 
# Release gate 2/8: ./scripts/build --release
# Release gate 3/8: ./demo/verify 
# Release gate 4/8: ./demo/verify-provider 
# Release gate 5/8: ./scripts/check-skills 
# Release gate 6/8: node scripts/check-packages.mjs /var/tmp/rom-artifact-test-S972Kf/source
# Release gate 7/8: ./scripts/studio-browser-runtime-check 
# Release gate 8/8: ./demo/verify-studio --assets-dir /var/tmp/rom-artifact-test-S972Kf/.rom-release-stage-SqkgwG/.studio-work-rZLtEK/extracted/rom-0.0.3-53253f6ade9b-studio
# Completed local source artifacts: /var/tmp/rom-artifact-test-S972Kf/completed
# Release gate 1/8: ./scripts/check 
# Release gate 2/8: ./scripts/build --release
# Release gate 3/8: ./demo/verify 
# Release gate 4/8: ./demo/verify-provider 
# Release gate 5/8: ./scripts/check-skills 
# Release gate 6/8: node scripts/check-packages.mjs /var/tmp/rom-artifact-test-YD3dkW/source
# Release gate 7/8: ./scripts/studio-browser-runtime-check 
# Release gate 8/8: ./demo/verify-studio --assets-dir /var/tmp/rom-artifact-test-YD3dkW/.rom-release-stage-062E7g/.studio-work-06gJJk/extracted/rom-0.0.3-506db4af88e7-studio
# Completed local source artifacts: /var/tmp/rom-artifact-test-YD3dkW/completed
# Subtest: archive traversal or links are rejected before extraction
ok 46 - archive traversal or links are rejected before extraction
  ---
  duration_ms: 51.519259
  type: 'test'
  ...
# Subtest: changed declared archive identity fails even with refreshed manifest checksum
ok 47 - changed declared archive identity fails even with refreshed manifest checksum
  ---
  duration_ms: 1033.351802
  type: 'test'
  ...
# Subtest: artifact verification rejects extra unchecksummed files
ok 48 - artifact verification rejects extra unchecksummed files
  ---
  duration_ms: 507.016792
  type: 'test'
  ...
# Subtest: verification checks archive commit and complete gate metadata
ok 49 - verification checks archive commit and complete gate metadata
  ---
  duration_ms: 1407.663613
  type: 'test'
  ...
# Subtest: verification notices unchecksummed cache directories
ok 50 - verification notices unchecksummed cache directories
  ---
  duration_ms: 388.248661
  type: 'test'
  ...
# Subtest: verification binds complete declared profile and package version to the extracted profile
ok 51 - verification binds complete declared profile and package version to the extracted profile
  ---
  duration_ms: 1230.996775
  type: 'test'
  ...
# Subtest: verification binds the complete declared selected file inventory
ok 52 - verification binds the complete declared selected file inventory
  ---
  duration_ms: 434.254087
  type: 'test'
  ...
# Subtest: Studio gate profile requires both source frontend and exact extracted host acceptance
ok 53 - Studio gate profile requires both source frontend and exact extracted host acceptance
  ---
  duration_ms: 2.235355
  type: 'test'
  ...
# Subtest: historical v1 profile retains exactly the original six command identities
ok 54 - historical v1 profile retains exactly the original six command identities
  ---
  duration_ms: 0.238613
  type: 'test'
  ...
# Subtest: control admission binds every required scenario to both actual report projects
ok 55 - control admission binds every required scenario to both actual report projects
  ---
  duration_ms: 1.626128
  type: 'test'
  ...
# Subtest: missing, extra, renamed and wrong-file scenarios cannot satisfy browser admission
ok 56 - missing, extra, renamed and wrong-file scenarios cannot satisfy browser admission
  ---
  duration_ms: 2.470351
  type: 'test'
  ...
# Subtest: report errors, retries, skipped, failed, crashed and interrupted execution fail admission
ok 57 - report errors, retries, skipped, failed, crashed and interrupted execution fail admission
  ---
  duration_ms: 0.744364
  type: 'test'
  ...
# Subtest: recovery admission requires all five lifecycle scenarios in both browser projects
ok 58 - recovery admission requires all five lifecycle scenarios in both browser projects
  ---
  duration_ms: 0.277376
  type: 'test'
  ...
# Subtest: a missing late-principal scenario cannot pass recovery admission using a stale eight-case report
ok 59 - a missing late-principal scenario cannot pass recovery admission using a stale eight-case report
  ---
  duration_ms: 0.25293
  type: 'test'
  ...
# Subtest: recovery admission rejects failed, retried, duplicated and mismatched lifecycle results
ok 60 - recovery admission rejects failed, retried, duplicated and mismatched lifecycle results
  ---
  duration_ms: 0.457469
  type: 'test'
  ...
# gzip: /tmp/rom-consumer-files-hJw43L/evidence/studio-source.tar.gz: not in gzip format
# Subtest: retained package bytes and lock are checked against the source lease for all three consumers
ok 61 - retained package bytes and lock are checked against the source lease for all three consumers
  ---
  duration_ms: 219.452938
  type: 'test'
  ...
# Subtest: rewritten report hashes cannot hide changed installed source or consumer lock
ok 62 - rewritten report hashes cannot hide changed installed source or consumer lock
  ---
  duration_ms: 86.189691
  type: 'test'
  ...
# Subtest: changed archive bytes, symlinks and hardlinks fail retained file admission
ok 63 - changed archive bytes, symlinks and hardlinks fail retained file admission
  ---
  duration_ms: 67.677494
  type: 'test'
  ...
# Subtest: the source lease is checked again after reading evidence
ok 64 - the source lease is checked again after reading evidence
  ---
  duration_ms: 70.373064
  type: 'test'
  ...
# Subtest: a rehashed archive with changed source or source lock cannot satisfy file admission
ok 65 - a rehashed archive with changed source or source lock cannot satisfy file admission
  ---
  duration_ms: 189.696638
  type: 'test'
  ...
# Subtest: recovery fixture identity binds native source, consumer inputs, retained generated outputs and verifier
ok 66 - recovery fixture identity binds native source, consumer inputs, retained generated outputs and verifier
  ---
  duration_ms: 11.462558
  type: 'test'
  ...
# Subtest: changed fixture identities or missing inventory entries fail admission
ok 67 - changed fixture identities or missing inventory entries fail admission
  ---
  duration_ms: 16.746533
  type: 'test'
  ...
# Subtest: a rewritten output inventory cannot hide substituted fixture input or runtime source
ok 68 - a rewritten output inventory cannot hide substituted fixture input or runtime source
  ---
  duration_ms: 13.009556
  type: 'test'
  ...
# Subtest: linked generated output and source lease drift are rejected
ok 69 - linked generated output and source lease drift are rejected
  ---
  duration_ms: 10.295813
  type: 'test'
  ...
# Subtest: HTTP recovery evidence binds adapter, committed and replayed counts, tombstone and exact wire bytes
ok 70 - HTTP recovery evidence binds adapter, committed and replayed counts, tombstone and exact wire bytes
  ---
  duration_ms: 3.861443
  type: 'test'
  ...
# Subtest: HTTP replay cannot substitute identities, duplicate commits, lose integers or erase unknown-outcome limits
ok 71 - HTTP replay cannot substitute identities, duplicate commits, lose integers or erase unknown-outcome limits
  ---
  duration_ms: 1.144073
  type: 'test'
  ...
# Subtest: consumer package metadata binds controls and both adapters to the independently selected package and locks
ok 72 - consumer package metadata binds controls and both adapters to the independently selected package and locks
  ---
  duration_ms: 2.461846
  type: 'test'
  ...
# Subtest: old or substituted package identity cannot pass from a completed browser claim
ok 73 - old or substituted package identity cannot pass from a completed browser claim
  ---
  duration_ms: 5.362544
  type: 'test'
  ...
# Subtest: malformed independently supplied expectations are rejected rather than weakening binding
ok 74 - malformed independently supplied expectations are rejected rather than weakening binding
  ---
  duration_ms: 1.535345
  type: 'test'
  ...
# Release gate 1/8: ./scripts/check 
# Release gate 2/8: ./scripts/build --release
# Release gate 3/8: ./demo/verify 
# Release gate 4/8: ./demo/verify-provider 
# Release gate 5/8: ./scripts/check-skills 
# Release gate 6/8: node scripts/check-packages.mjs /var/tmp/rom-artifact-test-wt0Z3Q/source
# Release gate 7/8: ./scripts/studio-browser-runtime-check 
# Release gate 8/8: ./demo/verify-studio --assets-dir /var/tmp/rom-artifact-test-wt0Z3Q/.rom-release-stage-kOaisS/.studio-work-qaw5Ub/extracted/rom-0.0.3-435d01bda278-studio
# Completed local source artifacts: /var/tmp/rom-artifact-test-wt0Z3Q/completed
# Release gate 1/8: ./scripts/check 
# Release gate 2/8: ./scripts/build --release
# Release gate 3/8: ./demo/verify 
# Release gate 4/8: ./demo/verify-provider 
# Release gate 5/8: ./scripts/check-skills 
# Release gate 6/8: node scripts/check-packages.mjs /var/tmp/rom-artifact-test-PwinTr/source
# Release gate 7/8: ./scripts/studio-browser-runtime-check 
# Release gate 8/8: ./demo/verify-studio --assets-dir /var/tmp/rom-artifact-test-PwinTr/.rom-release-stage-pu8jeB/.studio-work-TdXAVF/extracted/rom-0.0.3-363fadc406a9-studio
# Completed local source artifacts: /var/tmp/rom-artifact-test-PwinTr/completed
# Release gate 1/8: ./scripts/check 
# Release gate 2/8: ./scripts/build --release
# Release gate 3/8: ./demo/verify 
# Release gate 4/8: ./demo/verify-provider 
# Release gate 5/8: ./scripts/check-skills 
# Release gate 6/8: node scripts/check-packages.mjs /var/tmp/rom-artifact-test-cKK0Wx/source
# Release gate 7/8: ./scripts/studio-browser-runtime-check 
# Release gate 8/8: ./demo/verify-studio --assets-dir /var/tmp/rom-artifact-test-cKK0Wx/.rom-release-stage-hN69CE/.studio-work-juD7cK/extracted/rom-0.0.3-1b62e59d73c2-studio
# Completed local source artifacts: /var/tmp/rom-artifact-test-cKK0Wx/completed
# Release gate 1/8: ./scripts/check 
# Release gate 2/8: ./scripts/build --release
# Release gate 3/8: ./demo/verify 
# Release gate 4/8: ./demo/verify-provider 
# Release gate 5/8: ./scripts/check-skills 
# Release gate 6/8: node scripts/check-packages.mjs /var/tmp/rom-artifact-test-MMKWqc/source
# Release gate 7/8: ./scripts/studio-browser-runtime-check 
# Release gate 8/8: ./demo/verify-studio --assets-dir /var/tmp/rom-artifact-test-MMKWqc/.rom-release-stage-C9kJnY/.studio-work-UJgQX6/extracted/rom-0.0.3-1b62e59d73c2-studio
# Completed local source artifacts: /var/tmp/rom-artifact-test-MMKWqc/completed
# Release gate 1/8: ./scripts/check 
# Release gate 2/8: ./scripts/build --release
# Release gate 3/8: ./demo/verify 
# Release gate 4/8: ./demo/verify-provider 
# Release gate 5/8: ./scripts/check-skills 
# Release gate 6/8: node scripts/check-packages.mjs /var/tmp/rom-artifact-test-NQDjVx/source
# Release gate 7/8: ./scripts/studio-browser-runtime-check 
# Release gate 8/8: ./demo/verify-studio --assets-dir /var/tmp/rom-artifact-test-NQDjVx/.rom-release-stage-6B8hst/.studio-work-j2fsgQ/extracted/rom-0.0.3-5cd4b1e8f15e-studio
# Completed local source artifacts: /var/tmp/rom-artifact-test-NQDjVx/completed
# Release gate 1/8: ./scripts/check 
# Release gate 2/8: ./scripts/build --release
# Release gate 3/8: ./demo/verify 
# Release gate 4/8: ./demo/verify-provider 
# Release gate 5/8: ./scripts/check-skills 
# Release gate 6/8: node scripts/check-packages.mjs /var/tmp/rom-artifact-test-1ImNIL/source
# Release gate 7/8: ./scripts/studio-browser-runtime-check 
# Release gate 8/8: ./demo/verify-studio --assets-dir /var/tmp/rom-artifact-test-1ImNIL/.rom-release-stage-hhwzBp/.studio-work-jWCSyi/extracted/rom-0.0.3-5cd4b1e8f15e-studio
# Completed local source artifacts: /var/tmp/rom-artifact-test-1ImNIL/completed
# Subtest: verified extraction remains available through an async consumer and is removed only afterwards
ok 75 - verified extraction remains available through an async consumer and is removed only afterwards
  ---
  duration_ms: 1095.518401
  type: 'test'
  ...
# Subtest: no consumer executes when source tree identity is not verified
ok 76 - no consumer executes when source tree identity is not verified
  ---
  duration_ms: 570.795502
  type: 'test'
  ...
# Subtest: consumer extraction requires matching payload digests before executing any fixture
ok 77 - consumer extraction requires matching payload digests before executing any fixture
  ---
  duration_ms: 456.755261
  type: 'test'
  ...
# Subtest: a changed extracted source or lock cannot return successful consumer evidence
ok 78 - a changed extracted source or lock cannot return successful consumer evidence
  ---
  duration_ms: 1007.968222
  type: 'test'
  ...
# Subtest: archive digest changes and callback failures cannot leave a usable extraction lease
ok 79 - archive digest changes and callback failures cannot leave a usable extraction lease
  ---
  duration_ms: 552.05502
  type: 'test'
  ...
# Release gate 9/11: node /tmp/rom-consumer-orchestration-ppQlVm/extracted/studio/tests/public-controls/verify.mjs /tmp/rom-consumer-orchestration-ppQlVm/consumer-evidence/controls --source-dir /tmp/rom-consumer-orchestration-ppQlVm/extracted/studio --admit
# Release gate 10/11: node /tmp/rom-consumer-orchestration-ppQlVm/extracted/studio/tests/mutation-recovery/verify.mjs /tmp/rom-consumer-orchestration-ppQlVm/consumer-evidence/recovery-sqlite --source-dir /tmp/rom-consumer-orchestration-ppQlVm/extracted/studio --adapter sqlite --host-binary /tmp/rom-consumer-orchestration-ppQlVm/native/target/debug/rom-recovery-host --port 43282 --admit
# Release gate 11/11: node /tmp/rom-consumer-orchestration-ppQlVm/extracted/studio/tests/mutation-recovery/verify.mjs /tmp/rom-consumer-orchestration-ppQlVm/consumer-evidence/recovery-redb --source-dir /tmp/rom-consumer-orchestration-ppQlVm/extracted/studio --adapter redb --host-binary /tmp/rom-consumer-orchestration-ppQlVm/native/target/debug/rom-recovery-host --port 43283 --admit
# Release gate 9/11: node /tmp/rom-consumer-orchestration-8tMMnv/extracted/studio/tests/public-controls/verify.mjs /tmp/rom-consumer-orchestration-8tMMnv/consumer-evidence/controls --source-dir /tmp/rom-consumer-orchestration-8tMMnv/extracted/studio --admit
# Release gate 9/11: node /tmp/rom-consumer-orchestration-IafhOd/extracted/studio/tests/public-controls/verify.mjs /tmp/rom-consumer-orchestration-IafhOd/consumer-evidence/controls --source-dir /tmp/rom-consumer-orchestration-IafhOd/extracted/studio --admit
# Release gate 9/11: node /tmp/rom-consumer-orchestration-exqip0/extracted/studio/tests/public-controls/verify.mjs /tmp/rom-consumer-orchestration-exqip0/consumer-evidence/controls --source-dir /tmp/rom-consumer-orchestration-exqip0/extracted/studio --admit
# Release gate 9/11: node /tmp/rom-consumer-orchestration-FWi137/extracted/studio/tests/public-controls/verify.mjs /tmp/rom-consumer-orchestration-FWi137/consumer-evidence/controls --source-dir /tmp/rom-consumer-orchestration-FWi137/extracted/studio --admit
# Release gate 9/11: node /tmp/rom-consumer-orchestration-wkXjz5/extracted/studio/tests/public-controls/verify.mjs /tmp/rom-consumer-orchestration-wkXjz5/consumer-evidence/controls --source-dir /tmp/rom-consumer-orchestration-wkXjz5/extracted/studio --admit
# Release gate 10/11: node /tmp/rom-consumer-orchestration-wkXjz5/extracted/studio/tests/mutation-recovery/verify.mjs /tmp/rom-consumer-orchestration-wkXjz5/consumer-evidence/recovery-sqlite --source-dir /tmp/rom-consumer-orchestration-wkXjz5/extracted/studio --adapter sqlite --host-binary /tmp/rom-consumer-orchestration-wkXjz5/native/target/debug/rom-recovery-host --port 43282 --admit
# Release gate 11/11: node /tmp/rom-consumer-orchestration-wkXjz5/extracted/studio/tests/mutation-recovery/verify.mjs /tmp/rom-consumer-orchestration-wkXjz5/consumer-evidence/recovery-redb --source-dir /tmp/rom-consumer-orchestration-wkXjz5/extracted/studio --adapter redb --host-binary /tmp/rom-consumer-orchestration-wkXjz5/native/target/debug/rom-recovery-host --port 43283 --admit
# Release gate 9/11: node /tmp/rom-consumer-orchestration-EWjNgl/extracted/studio/tests/public-controls/verify.mjs /tmp/rom-consumer-orchestration-EWjNgl/consumer-evidence/controls --source-dir /tmp/rom-consumer-orchestration-EWjNgl/extracted/studio --admit
# Release gate 10/11: node /tmp/rom-consumer-orchestration-EWjNgl/extracted/studio/tests/mutation-recovery/verify.mjs /tmp/rom-consumer-orchestration-EWjNgl/consumer-evidence/recovery-sqlite --source-dir /tmp/rom-consumer-orchestration-EWjNgl/extracted/studio --adapter sqlite --host-binary /tmp/rom-consumer-orchestration-EWjNgl/native/target/debug/rom-recovery-host --port 43282 --admit
# Release gate 11/11: node /tmp/rom-consumer-orchestration-EWjNgl/extracted/studio/tests/mutation-recovery/verify.mjs /tmp/rom-consumer-orchestration-EWjNgl/consumer-evidence/recovery-redb --source-dir /tmp/rom-consumer-orchestration-EWjNgl/extracted/studio --adapter redb --host-binary /tmp/rom-consumer-orchestration-EWjNgl/native/target/debug/rom-recovery-host --port 43283 --admit
# Release gate 9/11: node /tmp/rom-consumer-orchestration-YSKLNO/extracted/studio/tests/public-controls/verify.mjs /tmp/rom-consumer-orchestration-YSKLNO/consumer-evidence/controls --source-dir /tmp/rom-consumer-orchestration-YSKLNO/extracted/studio --admit
# Release gate 10/11: node /tmp/rom-consumer-orchestration-YSKLNO/extracted/studio/tests/mutation-recovery/verify.mjs /tmp/rom-consumer-orchestration-YSKLNO/consumer-evidence/recovery-sqlite --source-dir /tmp/rom-consumer-orchestration-YSKLNO/extracted/studio --adapter sqlite --host-binary /tmp/rom-consumer-orchestration-YSKLNO/native/target/debug/rom-recovery-host --port 43282 --admit
# Release gate 11/11: node /tmp/rom-consumer-orchestration-YSKLNO/extracted/studio/tests/mutation-recovery/verify.mjs /tmp/rom-consumer-orchestration-YSKLNO/consumer-evidence/recovery-redb --source-dir /tmp/rom-consumer-orchestration-YSKLNO/extracted/studio --adapter redb --host-binary /tmp/rom-consumer-orchestration-YSKLNO/native/target/debug/rom-recovery-host --port 43283 --admit
# Release gate 9/11: node /tmp/rom-consumer-orchestration-wfqekX/extracted/studio/tests/public-controls/verify.mjs /tmp/rom-consumer-orchestration-wfqekX/consumer-evidence/controls --source-dir /tmp/rom-consumer-orchestration-wfqekX/extracted/studio --admit
# Release gate 10/11: node /tmp/rom-consumer-orchestration-wfqekX/extracted/studio/tests/mutation-recovery/verify.mjs /tmp/rom-consumer-orchestration-wfqekX/consumer-evidence/recovery-sqlite --source-dir /tmp/rom-consumer-orchestration-wfqekX/extracted/studio --adapter sqlite --host-binary /tmp/rom-consumer-orchestration-wfqekX/native/target/debug/rom-recovery-host --port 43282 --admit
# Release gate 11/11: node /tmp/rom-consumer-orchestration-wfqekX/extracted/studio/tests/mutation-recovery/verify.mjs /tmp/rom-consumer-orchestration-wfqekX/consumer-evidence/recovery-redb --source-dir /tmp/rom-consumer-orchestration-wfqekX/extracted/studio --adapter redb --host-binary /tmp/rom-consumer-orchestration-wfqekX/native/target/debug/rom-recovery-host --port 43283 --admit
# Release gate 9/11: node /tmp/rom-consumer-orchestration-8AY3SB/extracted/studio/tests/public-controls/verify.mjs /tmp/rom-consumer-orchestration-8AY3SB/consumer-evidence/controls --source-dir /tmp/rom-consumer-orchestration-8AY3SB/extracted/studio --admit
# Release gate 10/11: node /tmp/rom-consumer-orchestration-8AY3SB/extracted/studio/tests/mutation-recovery/verify.mjs /tmp/rom-consumer-orchestration-8AY3SB/consumer-evidence/recovery-sqlite --source-dir /tmp/rom-consumer-orchestration-8AY3SB/extracted/studio --adapter sqlite --host-binary /tmp/rom-consumer-orchestration-8AY3SB/native/target/debug/rom-recovery-host --port 43282 --admit
# Release gate 11/11: node /tmp/rom-consumer-orchestration-8AY3SB/extracted/studio/tests/mutation-recovery/verify.mjs /tmp/rom-consumer-orchestration-8AY3SB/consumer-evidence/recovery-redb --source-dir /tmp/rom-consumer-orchestration-8AY3SB/extracted/studio --adapter redb --host-binary /tmp/rom-consumer-orchestration-8AY3SB/native/target/debug/rom-recovery-host --port 43283 --admit
# Release gate 9/11: node /tmp/rom-consumer-orchestration-yxzSXu/extracted/studio/tests/public-controls/verify.mjs /tmp/rom-consumer-orchestration-yxzSXu/consumer-evidence/controls --source-dir /tmp/rom-consumer-orchestration-yxzSXu/extracted/studio --admit
# Release gate 10/11: node /tmp/rom-consumer-orchestration-yxzSXu/extracted/studio/tests/mutation-recovery/verify.mjs /tmp/rom-consumer-orchestration-yxzSXu/consumer-evidence/recovery-sqlite --source-dir /tmp/rom-consumer-orchestration-yxzSXu/extracted/studio --adapter sqlite --host-binary /tmp/rom-consumer-orchestration-yxzSXu/native/target/debug/rom-recovery-host --port 43282 --admit
# Release gate 11/11: node /tmp/rom-consumer-orchestration-yxzSXu/extracted/studio/tests/mutation-recovery/verify.mjs /tmp/rom-consumer-orchestration-yxzSXu/consumer-evidence/recovery-redb --source-dir /tmp/rom-consumer-orchestration-yxzSXu/extracted/studio --adapter redb --host-binary /tmp/rom-consumer-orchestration-yxzSXu/native/target/debug/rom-recovery-host --port 43283 --admit
# Release gate 9/11: node /tmp/rom-consumer-orchestration-1O5UVS/extracted/studio/tests/public-controls/verify.mjs /tmp/rom-consumer-orchestration-1O5UVS/consumer-evidence/controls --source-dir /tmp/rom-consumer-orchestration-1O5UVS/extracted/studio --admit
# Release gate 10/11: node /tmp/rom-consumer-orchestration-1O5UVS/extracted/studio/tests/mutation-recovery/verify.mjs /tmp/rom-consumer-orchestration-1O5UVS/consumer-evidence/recovery-sqlite --source-dir /tmp/rom-consumer-orchestration-1O5UVS/extracted/studio --adapter sqlite --host-binary /tmp/rom-consumer-orchestration-1O5UVS/native/target/debug/rom-recovery-host --port 43282 --admit
# Release gate 11/11: node /tmp/rom-consumer-orchestration-1O5UVS/extracted/studio/tests/mutation-recovery/verify.mjs /tmp/rom-consumer-orchestration-1O5UVS/consumer-evidence/recovery-redb --source-dir /tmp/rom-consumer-orchestration-1O5UVS/extracted/studio --adapter redb --host-binary /tmp/rom-consumer-orchestration-1O5UVS/native/target/debug/rom-recovery-host --port 43283 --admit
# Release gate 9/11: node /tmp/rom-consumer-orchestration-tRrL2l/extracted/studio/tests/public-controls/verify.mjs /tmp/rom-consumer-orchestration-tRrL2l/consumer-evidence/controls --source-dir /tmp/rom-consumer-orchestration-tRrL2l/extracted/studio --admit
# Release gate 10/11: node /tmp/rom-consumer-orchestration-tRrL2l/extracted/studio/tests/mutation-recovery/verify.mjs /tmp/rom-consumer-orchestration-tRrL2l/consumer-evidence/recovery-sqlite --source-dir /tmp/rom-consumer-orchestration-tRrL2l/extracted/studio --adapter sqlite --host-binary /tmp/rom-consumer-orchestration-tRrL2l/native/target/debug/rom-recovery-host --port 43282 --admit
# Release gate 11/11: node /tmp/rom-consumer-orchestration-tRrL2l/extracted/studio/tests/mutation-recovery/verify.mjs /tmp/rom-consumer-orchestration-tRrL2l/consumer-evidence/recovery-redb --source-dir /tmp/rom-consumer-orchestration-tRrL2l/extracted/studio --adapter redb --host-binary /tmp/rom-consumer-orchestration-tRrL2l/native/target/debug/rom-recovery-host --port 43283 --admit
# Release gate 9/11: node /tmp/rom-consumer-orchestration-CBoGxE/extracted/studio/tests/public-controls/verify.mjs /tmp/rom-consumer-orchestration-CBoGxE/consumer-evidence/controls --source-dir /tmp/rom-consumer-orchestration-CBoGxE/extracted/studio --admit
# Release gate 10/11: node /tmp/rom-consumer-orchestration-CBoGxE/extracted/studio/tests/mutation-recovery/verify.mjs /tmp/rom-consumer-orchestration-CBoGxE/consumer-evidence/recovery-sqlite --source-dir /tmp/rom-consumer-orchestration-CBoGxE/extracted/studio --adapter sqlite --host-binary /tmp/rom-consumer-orchestration-CBoGxE/native/target/debug/rom-recovery-host --port 43282 --admit
# Release gate 11/11: node /tmp/rom-consumer-orchestration-CBoGxE/extracted/studio/tests/mutation-recovery/verify.mjs /tmp/rom-consumer-orchestration-CBoGxE/consumer-evidence/recovery-redb --source-dir /tmp/rom-consumer-orchestration-CBoGxE/extracted/studio --adapter redb --host-binary /tmp/rom-consumer-orchestration-CBoGxE/native/target/debug/rom-recovery-host --port 43283 --admit
# Release gate 9/11: node /tmp/rom-consumer-orchestration-DO4Lom/extracted/studio/tests/public-controls/verify.mjs /tmp/rom-consumer-orchestration-DO4Lom/consumer-evidence/controls --source-dir /tmp/rom-consumer-orchestration-DO4Lom/extracted/studio --admit
# Release gate 10/11: node /tmp/rom-consumer-orchestration-DO4Lom/extracted/studio/tests/mutation-recovery/verify.mjs /tmp/rom-consumer-orchestration-DO4Lom/consumer-evidence/recovery-sqlite --source-dir /tmp/rom-consumer-orchestration-DO4Lom/extracted/studio --adapter sqlite --host-binary /tmp/rom-consumer-orchestration-DO4Lom/native/target/debug/rom-recovery-host --port 43282 --admit
# Release gate 11/11: node /tmp/rom-consumer-orchestration-DO4Lom/extracted/studio/tests/mutation-recovery/verify.mjs /tmp/rom-consumer-orchestration-DO4Lom/consumer-evidence/recovery-redb --source-dir /tmp/rom-consumer-orchestration-DO4Lom/extracted/studio --adapter redb --host-binary /tmp/rom-consumer-orchestration-DO4Lom/native/target/debug/rom-recovery-host --port 43283 --admit
# Release gate 9/11: node /tmp/rom-consumer-orchestration-JWP4gW/extracted/studio/tests/public-controls/verify.mjs /tmp/rom-consumer-orchestration-JWP4gW/consumer-evidence/controls --source-dir /tmp/rom-consumer-orchestration-JWP4gW/extracted/studio --admit
# Release gate 10/11: node /tmp/rom-consumer-orchestration-JWP4gW/extracted/studio/tests/mutation-recovery/verify.mjs /tmp/rom-consumer-orchestration-JWP4gW/consumer-evidence/recovery-sqlite --source-dir /tmp/rom-consumer-orchestration-JWP4gW/extracted/studio --adapter sqlite --host-binary /tmp/rom-consumer-orchestration-JWP4gW/native/target/debug/rom-recovery-host --port 43282 --admit
# Release gate 11/11: node /tmp/rom-consumer-orchestration-JWP4gW/extracted/studio/tests/mutation-recovery/verify.mjs /tmp/rom-consumer-orchestration-JWP4gW/consumer-evidence/recovery-redb --source-dir /tmp/rom-consumer-orchestration-JWP4gW/extracted/studio --adapter redb --host-binary /tmp/rom-consumer-orchestration-JWP4gW/native/target/debug/rom-recovery-host --port 43283 --admit
# Subtest: consumer execution uses the prepared source-bound host and fixed ordered gates
ok 80 - consumer execution uses the prepared source-bound host and fixed ordered gates
  ---
  duration_ms: 331.976057
  type: 'test'
  ...
# Subtest: substituted source, binary or incomplete preceding gates execute no consumer
ok 81 - substituted source, binary or incomplete preceding gates execute no consumer
  ---
  duration_ms: 12.07431
  type: 'test'
  ...
# Subtest: source mutation after one consumer stops subsequent execution and retains its failure log
ok 82 - source mutation after one consumer stops subsequent execution and retains its failure log
  ---
  duration_ms: 3.824543
  type: 'test'
  ...
# Subtest: failed or bounded-aborted consumer stops the sequence without completion
ok 83 - failed or bounded-aborted consumer stops the sequence without completion
  ---
  duration_ms: 7.360328
  type: 'test'
  ...
# Subtest: occupied or linked output roots execute no consumer and preserve existing bytes
ok 84 - occupied or linked output roots execute no consumer and preserve existing bytes
  ---
  duration_ms: 3.448549
  type: 'test'
  ...
# Subtest: failure-summary storage errors preserve the original failure and existing evidence
ok 85 - failure-summary storage errors preserve the original failure and existing evidence
  ---
  duration_ms: 3.694446
  type: 'test'
  ...
# Subtest: linked command log directory cannot write into extracted source
ok 86 - linked command log directory cannot write into extracted source
  ---
  duration_ms: 1.484068
  type: 'test'
  ...
# Subtest: three successful command exits cannot admit absent consumer reports
ok 87 - three successful command exits cannot admit absent consumer reports
  ---
  duration_ms: 10.705751
  type: 'test'
  ...
# Subtest: successful exits preserve logs but cannot hide wrong browser scenarios or changed installed bytes
ok 88 - successful exits preserve logs but cannot hide wrong browser scenarios or changed installed bytes
  ---
  duration_ms: 208.537077
  type: 'test'
  ...
# Subtest: a recovery report cannot substitute a different binary or native compile lock
ok 89 - a recovery report cannot substitute a different binary or native compile lock
  ---
  duration_ms: 647.920849
  type: 'test'
  ...
# Subtest: successful consumers cannot omit recovery fixture source identity
ok 90 - successful consumers cannot omit recovery fixture source identity
  ---
  duration_ms: 93.834708
  type: 'test'
  ...
# Subtest: successful commands cannot hide missing or changed retained HTTP recovery evidence
ok 91 - successful commands cannot hide missing or changed retained HTTP recovery evidence
  ---
  duration_ms: 188.060751
  type: 'test'
  ...
# Release gate 1/8: ./scripts/check 
# Release gate 1/8: ./scripts/check 
# Subtest: failed evidence write retains command outcome and bounded terminal diagnostics
ok 92 - failed evidence write retains command outcome and bounded terminal diagnostics
  ---
  duration_ms: 65.026921
  type: 'test'
  ...
# Subtest: summary storage failure retains a normally recorded failed gate
ok 93 - summary storage failure retains a normally recorded failed gate
  ---
  duration_ms: 340.531936
  type: 'test'
  ...
# Subtest: failure summary write cannot replace the original gate failure
ok 94 - failure summary write cannot replace the original gate failure
  ---
  duration_ms: 269.276556
  type: 'test'
  ...
# Subtest: native evidence binds the full source witness, exact commands and retained log digests without execution
ok 95 - native evidence binds the full source witness, exact commands and retained log digests without execution
  ---
  duration_ms: 7.446601
  type: 'test'
  ...
# Subtest: native evidence rejects substituted source, lock, binary or target identity
ok 96 - native evidence rejects substituted source, lock, binary or target identity
  ---
  duration_ms: 2.475291
  type: 'test'
  ...
# Subtest: native evidence rejects missing, reordered, failed, aborted or substituted commands
ok 97 - native evidence rejects missing, reordered, failed, aborted or substituted commands
  ---
  duration_ms: 4.698152
  type: 'test'
  ...
# Subtest: native evidence detects changed log bytes and extra or missing digest entries
ok 98 - native evidence detects changed log bytes and extra or missing digest entries
  ---
  duration_ms: 1.852949
  type: 'test'
  ...
# Subtest: native evidence enforces a twenty-minute whole-preparation budget and real calendar timestamps
ok 99 - native evidence enforces a twenty-minute whole-preparation budget and real calendar timestamps
  ---
  duration_ms: 3.531377
  type: 'test'
  ...
# Subtest: preparation binds external target and successful compile to the supplied source lease
ok 100 - preparation binds external target and successful compile to the supplied source lease
  ---
  duration_ms: 33.893246
  type: 'test'
  ...
# Subtest: source mutation fence failure never emits successful provenance
ok 101 - source mutation fence failure never emits successful provenance
  ---
  duration_ms: 3.789707
  type: 'test'
  ...
# Subtest: failed or bounded-aborted compiler retains logs without successful provenance
ok 102 - failed or bounded-aborted compiler retains logs without successful provenance
  ---
  duration_ms: 1.672797
  type: 'test'
  ...
# Subtest: an exhausted preparation deadline prevents the next compiler command and retains failure evidence
ok 103 - an exhausted preparation deadline prevents the next compiler command and retains failure evidence
  ---
  duration_ms: 1.328552
  type: 'test'
  ...
# Subtest: preparation rejects outputs inside source and refuses existing evidence
ok 104 - preparation rejects outputs inside source and refuses existing evidence
  ---
  duration_ms: 0.651628
  type: 'test'
  ...
# Subtest: native preparation rejects a changed lock even when the supplied fence omits that check
ok 105 - native preparation rejects a changed lock even when the supplied fence omits that check
  ---
  duration_ms: 5.504634
  type: 'test'
  ...
# Subtest: native preparation refuses a substituted symlink or nonexecutable binary
ok 106 - native preparation refuses a substituted symlink or nonexecutable binary
  ---
  duration_ms: 2.30673
  type: 'test'
  ...
# Subtest: failure metadata refusal preserves the original command failure and fallback diagnostic
ok 107 - failure metadata refusal preserves the original command failure and fallback diagnostic
  ---
  duration_ms: 1.420628
  type: 'test'
  ...
# Release gate 1/8: ./scripts/check 
# Release gate 2/8: ./scripts/build --release
# Release gate 3/8: ./demo/verify 
# Release gate 4/8: ./demo/verify-provider 
# Release gate 5/8: ./scripts/check-skills 
# Release gate 6/8: node scripts/check-packages.mjs /var/tmp/rom-artifact-test-iCUqtg/source
# Release gate 7/8: ./scripts/studio-browser-runtime-check 
# Release gate 8/8: ./demo/verify-studio --assets-dir /var/tmp/rom-artifact-test-iCUqtg/.rom-release-stage-wR0iLq/.studio-work-RJQTzA/extracted/rom-0.0.3-363fadc406a9-studio
# Incomplete release evidence retained: /var/tmp/rom-artifact-test-iCUqtg/.rom-release-stage-wR0iLq
# Release gate 1/8: ./scripts/check 
# Incomplete release evidence retained: /var/tmp/rom-artifact-test-3Tf3xY/.rom-release-stage-gwZhLJ
# Release gate 1/8: ./scripts/check 
# Release gate 2/8: ./scripts/build --release
# Release gate 3/8: ./demo/verify 
# Release gate 4/8: ./demo/verify-provider 
# Release gate 5/8: ./scripts/check-skills 
# Release gate 6/8: node scripts/check-packages.mjs /var/tmp/rom-artifact-test-8JcGRO/source
# Release gate 7/8: ./scripts/studio-browser-runtime-check 
# Incomplete release evidence retained: /var/tmp/rom-artifact-test-8JcGRO/.rom-release-stage-mnEz1U
# Release gate 1/8: ./scripts/check 
# Release gate 2/8: ./scripts/build --release
# Release gate 3/8: ./demo/verify 
# Release gate 4/8: ./demo/verify-provider 
# Release gate 5/8: ./scripts/check-skills 
# Release gate 6/8: node scripts/check-packages.mjs /var/tmp/rom-artifact-test-3c5RGv/source
# Release gate 7/8: ./scripts/studio-browser-runtime-check 
# Incomplete release evidence retained: /var/tmp/rom-artifact-test-3c5RGv/.rom-release-stage-60apl0
# Release gate 1/8: ./scripts/check 
# Release gate 2/8: ./scripts/build --release
# Release gate 3/8: ./demo/verify 
# Release gate 4/8: ./demo/verify-provider 
# Release gate 5/8: ./scripts/check-skills 
# Release gate 6/8: node scripts/check-packages.mjs /var/tmp/rom-artifact-test-eLen0I/source
# Release gate 7/8: ./scripts/studio-browser-runtime-check 
# Release gate 8/8: ./demo/verify-studio --assets-dir /var/tmp/rom-artifact-test-eLen0I/.rom-release-stage-Tai9ep/.studio-work-PYKgo8/extracted/rom-0.0.3-1b62e59d73c2-studio
# Completed local source artifacts: /var/tmp/rom-artifact-test-eLen0I/completed
# Subtest: dirty tracked or untracked source refuses gates and artifacts
ok 108 - dirty tracked or untracked source refuses gates and artifacts
  ---
  duration_ms: 139.487677
  type: 'test'
  ...
# Subtest: existing output retains its bytes and refuses gates
ok 109 - existing output retains its bytes and refuses gates
  ---
  duration_ms: 107.667088
  type: 'test'
  ...
# Subtest: missing Git metadata or obsolete profile refuses gates
ok 110 - missing Git metadata or obsolete profile refuses gates
  ---
  duration_ms: 189.68682
  type: 'test'
  ...
# Subtest: late destination collision retains complete losing stage and existing output
ok 111 - late destination collision retains complete losing stage and existing output
  ---
  duration_ms: 738.518902
  type: 'test'
  ...
# Subtest: failed gate retains incomplete evidence and exposes no final output
ok 112 - failed gate retains incomplete evidence and exposes no final output
  ---
  duration_ms: 165.147988
  type: 'test'
  ...
# Subtest: post-gate lock change or new committed revision prevents publication
ok 113 - post-gate lock change or new committed revision prevents publication
  ---
  duration_ms: 368.527821
  type: 'test'
  ...
# Subtest: successful fixture creates complete checksummed artifacts with matching extraction admission
ok 114 - successful fixture creates complete checksummed artifacts with matching extraction admission
  ---
  duration_ms: 561.938562
  type: 'test'
  ...
# Release gate 1/6: ./scripts/check 
# Release gate 2/6: ./scripts/build --release
# Release gate 3/6: ./demo/verify 
# Release gate 4/6: ./demo/verify-provider 
# Release gate 5/6: ./scripts/check-skills 
# Release gate 6/6: node scripts/check-packages.mjs /producer/source
# Subtest: public consumer profile retains eight historical commands then adds three exact source-bound consumers
ok 115 - public consumer profile retains eight historical commands then adds three exact source-bound consumers
  ---
  duration_ms: 5.551953
  type: 'test'
  ...
# Subtest: consumer gates reject missing, additional, reordered and substituted executions
ok 116 - consumer gates reject missing, additional, reordered and substituted executions
  ---
  duration_ms: 5.778975
  type: 'test'
  ...
# Subtest: consumer context rejects missing, unknown, noncanonical paths and inconsistent identities
ok 117 - consumer context rejects missing, unknown, noncanonical paths and inconsistent identities
  ---
  duration_ms: 0.798767
  type: 'test'
  ...
# Subtest: historical profiles reject added consumer claims and retain their exact gate counts
ok 118 - historical profiles reject added consumer claims and retain their exact gate counts
  ---
  duration_ms: 0.262037
  type: 'test'
  ...
# Subtest: public consumer phases are explicit and preserve the original ordered execution boundary
ok 119 - public consumer phases are explicit and preserve the original ordered execution boundary
  ---
  duration_ms: 0.634014
  type: 'test'
  ...
# Subtest: explicit native execution runs all six native gates without a nonexistent asset phase
ok 120 - explicit native execution runs all six native gates without a nonexistent asset phase
  ---
  duration_ms: 3.058559
  type: 'test'
  ...
# Subtest: unsupported no-replace utility rejects before any acceptance gate
ok 121 - unsupported no-replace utility rejects before any acceptance gate
  ---
  duration_ms: 268.320551
  type: 'test'
  ...
# Subtest: dangling existing output rejects before gates
ok 122 - dangling existing output rejects before gates
  ---
  duration_ms: 99.843109
  type: 'test'
  ...
# Subtest: unsupported output filesystem rejects before gates
ok 123 - unsupported output filesystem rejects before gates
  ---
  duration_ms: 299.033456
  type: 'test'
  ...
# Subtest: publication refuses an existing empty directory
ok 124 - publication refuses an existing empty directory
  ---
  duration_ms: 24.241326
  type: 'test'
  ...
# Subtest: concurrent no-replace contenders expose exactly one complete directory
ok 125 - concurrent no-replace contenders expose exactly one complete directory
  ---
  duration_ms: 10.199229
  type: 'test'
  ...
# Subtest: release requirement ledger validates all fourteen source-bound records without executing reports
ok 126 - release requirement ledger validates all fourteen source-bound records without executing reports
  ---
  duration_ms: 8.649176
  type: 'test'
  ...
# Subtest: pending or failed requirements remain diagnostic records but block explicit release admission
ok 127 - pending or failed requirements remain diagnostic records but block explicit release admission
  ---
  duration_ms: 7.253906
  type: 'test'
  ...
# Subtest: requirement ledger rejects missing, duplicate, unknown, source-substituted or candidate acceptance
ok 128 - requirement ledger rejects missing, duplicate, unknown, source-substituted or candidate acceptance
  ---
  duration_ms: 10.480433
  type: 'test'
  ...
# Subtest: requirement evidence checks retained bytes and rejects links and escaped paths
ok 129 - requirement evidence checks retained bytes and rejects links and escaped paths
  ---
  duration_ms: 6.711967
  type: 'test'
  ...
# Subtest: requirement evidence detects later report mutation independently of link rejection
ok 130 - requirement evidence detects later report mutation independently of link rejection
  ---
  duration_ms: 6.398251
  type: 'test'
  ...
# Release gate 1/8: ./scripts/check 
# Release gate 2/8: ./scripts/build --release
# Release gate 3/8: ./demo/verify 
# Release gate 4/8: ./demo/verify-provider 
# Release gate 5/8: ./scripts/check-skills 
# Release gate 6/8: node scripts/check-packages.mjs /var/tmp/rom-artifact-test-GxONdJ/source
# Release gate 7/8: ./scripts/studio-browser-runtime-check 
# Release gate 8/8: ./demo/verify-studio --assets-dir /var/tmp/rom-artifact-test-GxONdJ/.rom-release-stage-s7UFP0/.studio-work-qk6MrS/extracted/rom-0.0.3-435d01bda278-studio
# Completed local source artifacts: /var/tmp/rom-artifact-test-GxONdJ/completed
# Release gate 1/8: ./scripts/check 
# Release gate 2/8: ./scripts/build --release
# Release gate 3/8: ./demo/verify 
# Release gate 4/8: ./demo/verify-provider 
# Release gate 5/8: ./scripts/check-skills 
# Release gate 6/8: node scripts/check-packages.mjs /var/tmp/rom-artifact-test-1Hcfd6/source
# Release gate 7/8: ./scripts/studio-browser-runtime-check 
# Release gate 8/8: ./demo/verify-studio --assets-dir /var/tmp/rom-artifact-test-1Hcfd6/.rom-release-stage-QS7GRz/.studio-work-TyAKTb/extracted/rom-0.0.3-363fadc406a9-studio
# Completed local source artifacts: /var/tmp/rom-artifact-test-1Hcfd6/completed
# Release gate 1/8: ./scripts/check 
# Release gate 2/8: ./scripts/build --release
# Release gate 3/8: ./demo/verify 
# Release gate 4/8: ./demo/verify-provider 
# Release gate 5/8: ./scripts/check-skills 
# Release gate 6/8: node scripts/check-packages.mjs /var/tmp/rom-artifact-test-yUrRCN/source
# Release gate 7/8: ./scripts/studio-browser-runtime-check 
# Release gate 8/8: ./demo/verify-studio --assets-dir /var/tmp/rom-artifact-test-yUrRCN/.rom-release-stage-MPDUZ2/.studio-work-KpT3Nx/extracted/rom-0.0.3-5cd4b1e8f15e-studio
# Incomplete release evidence retained: /var/tmp/rom-artifact-test-yUrRCN/.rom-release-stage-MPDUZ2
# Release gate 1/8: ./scripts/check 
# Release gate 2/8: ./scripts/build --release
# Release gate 3/8: ./demo/verify 
# Release gate 4/8: ./demo/verify-provider 
# Release gate 5/8: ./scripts/check-skills 
# Release gate 6/8: node scripts/check-packages.mjs /var/tmp/rom-artifact-test-eRQu66/source
# Release gate 7/8: ./scripts/studio-browser-runtime-check 
# Release gate 8/8: ./demo/verify-studio --assets-dir /var/tmp/rom-artifact-test-eRQu66/.rom-release-stage-T5XN2L/.studio-work-GwuLq4/extracted/rom-0.0.3-5cd4b1e8f15e-studio
# Incomplete release evidence retained: /var/tmp/rom-artifact-test-eRQu66/.rom-release-stage-T5XN2L
# Subtest: legacy version-one source-only manifest retains its six-gate contract
ok 131 - legacy version-one source-only manifest retains its six-gate contract
  ---
  duration_ms: 993.907354
  type: 'test'
  ...
# Subtest: frontend source, npm commands, asset inventory and profile are bound to their records
ok 132 - frontend source, npm commands, asset inventory and profile are bound to their records
  ---
  duration_ms: 978.19358
  type: 'test'
  ...
# Subtest: committed frontend generated caches are rejected before the first gate
ok 133 - committed frontend generated caches are rejected before the first gate
  ---
  duration_ms: 256.748885
  type: 'test'
  ...
# Subtest: incompatible frontend release version is rejected before gates or npm execution
ok 134 - incompatible frontend release version is rejected before gates or npm execution
  ---
  duration_ms: 48.267624
  type: 'test'
  ...
# Subtest: host gate must consume unchanged extracted assets and succeed before publication
ok 135 - host gate must consume unchanged extracted assets and succeed before publication
  ---
  duration_ms: 352.226984
  type: 'test'
  ...
# Subtest: supplied archive and extracted source report no invented checkout revision without git metadata
ok 136 - supplied archive and extracted source report no invented checkout revision without git metadata
  ---
  duration_ms: 9.192948
  type: 'test'
  ...
# Subtest: authoring evidence records only the exact fixture checkout revision
ok 137 - authoring evidence records only the exact fixture checkout revision
  ---
  duration_ms: 31.310741
  type: 'test'
  ...
# Subtest: source metadata rejects unknown modes instead of inventing artifact provenance
ok 138 - source metadata rejects unknown modes instead of inventing artifact provenance
  ---
  duration_ms: 1.515107
  type: 'test'
  ...
# Subtest: source archive admission rejects traversal, unknown members and links before extraction
ok 139 - source archive admission rejects traversal, unknown members and links before extraction
  ---
  duration_ms: 2.4801
  type: 'test'
  ...
# Subtest: source archive admission bounds entries and bytes and rejects duplicate members
ok 140 - source archive admission bounds entries and bytes and rejects duplicate members
  ---
  duration_ms: 0.324777
  type: 'test'
  ...
# Subtest: a reused evidence directory is rejected before existing evidence changes
ok 141 - a reused evidence directory is rejected before existing evidence changes
  ---
  duration_ms: 2.235846
  type: 'test'
  ...
# Subtest: the verifier refuses an occupied output before overwriting an archive or successful result
ok 142 - the verifier refuses an occupied output before overwriting an archive or successful result
  ---
  duration_ms: 72.882549
  type: 'test'
  ...
# Subtest: locked admission rejects a changed dependency resolution
ok 143 - locked admission rejects a changed dependency resolution
  ---
  duration_ms: 3.304666
  type: 'test'
  ...
# Subtest: release admission rejects skipped browsers, one engine and copied dependencies
ok 144 - release admission rejects skipped browsers, one engine and copied dependencies
  ---
  duration_ms: 1.005219
  type: 'test'
  ...
# Subtest: release admission rejects failed engine results and unmatched installed sources
ok 145 - release admission rejects failed engine results and unmatched installed sources
  ---
  duration_ms: 2.204767
  type: 'test'
  ...
# Subtest: active and pending limits remain finite with visible rejected scheduling
ok 146 - active and pending limits remain finite with visible rejected scheduling
  ---
  duration_ms: 1.344283
  type: 'test'
  ...
# Subtest: operation identities cannot be reused and finite budgets reject invalid configuration
ok 147 - operation identities cannot be reused and finite budgets reject invalid configuration
  ---
  duration_ms: 0.236569
  type: 'test'
  ...
# Subtest: storage-stage diagnostics cannot reuse the default admission build
ok 148 - storage-stage diagnostics cannot reuse the default admission build
  ---
  duration_ms: 0.67371
  type: 'test'
  ...
# Subtest: optimized plan changes compiler profile only with separate bounded target
ok 149 - optimized plan changes compiler profile only with separate bounded target
  ---
  duration_ms: 0.359273
  type: 'test'
  ...
# Subtest: identical content in a replaced inode does not establish preserved original identity
ok 150 - identical content in a replaced inode does not establish preserved original identity
  ---
  duration_ms: 3.88613
  type: 'test'
  ...
# Subtest: SQLite detached-copy admission refuses every existing sidecar, including dangling links
ok 151 - SQLite detached-copy admission refuses every existing sidecar, including dangling links
  ---
  duration_ms: 1.059532
  type: 'test'
  ...
# Subtest: actual HTTP shape verifies resource identity and does not retain payload
ok 152 - actual HTTP shape verifies resource identity and does not retain payload
  ---
  duration_ms: 31.730428
  type: 'test'
  ...
# Subtest: denial and temporary failure are separate outcomes; absent mutation response is unknown
ok 153 - denial and temporary failure are separate outcomes; absent mutation response is unknown
  ---
  duration_ms: 4.610336
  type: 'test'
  ...
# Subtest: binary output must match actual bounded attachment bytes
ok 154 - binary output must match actual bounded attachment bytes
  ---
  duration_ms: 15.706667
  type: 'test'
  ...
# Subtest: HTTP 503 outcome_unknown is not mislabeled as capacity overload
ok 155 - HTTP 503 outcome_unknown is not mislabeled as capacity overload
  ---
  duration_ms: 2.758047
  type: 'test'
  ...
# Subtest: all Studio API POSTs carry origin and CSRF, including reads and queries
ok 156 - all Studio API POSTs carry origin and CSRF, including reads and queries
  ---
  duration_ms: 1.324265
  type: 'test'
  ...
# Subtest: scheduled latency includes generator delay and percentiles retain operation classes
ok 157 - scheduled latency includes generator delay and percentiles retain operation classes
  ---
  duration_ms: 3.353819
  type: 'test'
  ...
# Subtest: samples are finite and unknown labels or invalid timing are rejected
ok 158 - samples are finite and unknown labels or invalid timing are rejected
  ---
  duration_ms: 0.509257
  type: 'test'
  ...
# Subtest: load configuration separates page size from complete candidates and retained work
ok 159 - load configuration separates page size from complete candidates and retained work
  ---
  duration_ms: 1.041508
  type: 'test'
  ...
# Subtest: seed admission needs actual candidate bytes and completed reaction proof
ok 160 - seed admission needs actual candidate bytes and completed reaction proof
  ---
  duration_ms: 1.638492
  type: 'test'
  ...
# Subtest: retained Done work still counts towards finite ledger admission
ok 161 - retained Done work still counts towards finite ledger admission
  ---
  duration_ms: 0.184561
  type: 'test'
  ...
# Subtest: existing defaults stay finite and the load relay fits strict supervision
ok 162 - existing defaults stay finite and the load relay fits strict supervision
  ---
  duration_ms: 1.065965
  type: 'test'
  ...
# Subtest: unknown arguments cannot widen or disable provider lifetimes
ok 163 - unknown arguments cannot widen or disable provider lifetimes
  ---
  duration_ms: 0.262679
  type: 'test'
  ...
# Subtest: actual token timing needs traffic plus cleanup budget, distinct from expiry fault
ok 164 - actual token timing needs traffic plus cleanup budget, distinct from expiry fault
  ---
  duration_ms: 1.173047
  type: 'test'
  ...
# Subtest: full load temporarily sets exact synthetic validity and verifies restoration
ok 165 - full load temporarily sets exact synthetic validity and verifies restoration
  ---
  duration_ms: 5.095376
  type: 'test'
  ...
# Subtest: restoration runs after traffic failure and uncertain patch response
ok 166 - restoration runs after traffic failure and uncertain patch response
  ---
  duration_ms: 0.373018
  type: 'test'
  ...
# Subtest: restoration failure is explicit and cannot be accepted as successful load
ok 167 - restoration failure is explicit and cannot be accepted as successful load
  ---
  duration_ms: 0.254413
  type: 'test'
  ...
# Subtest: exploratory run reads existing five-minute setting without changing it
ok 168 - exploratory run reads existing five-minute setting without changing it
  ---
  duration_ms: 0.270454
  type: 'test'
  ...
# Subtest: body and restoration failures are both preserved
ok 169 - body and restoration failures are both preserved
  ---
  duration_ms: 0.225017
  type: 'test'
  ...
# Subtest: bounded scheduled traffic separates client refusal from server errors
ok 170 - bounded scheduled traffic separates client refusal from server errors
  ---
  duration_ms: 12.160984
  type: 'test'
  ...
# Subtest: execution failure is retained as a sample and does not leak payloads
ok 171 - execution failure is retained as a sample and does not leak payloads
  ---
  duration_ms: 0.563119
  type: 'test'
  ...
# Subtest: deadline abort is propagated to admitted executor and drains it
ok 172 - deadline abort is propagated to admitted executor and drains it
  ---
  duration_ms: 10.518365
  type: 'test'
  ...
# Subtest: only actual linked synthetic session and secure exact-origin cookie enter executor
ok 173 - only actual linked synthetic session and secure exact-origin cookie enter executor
  ---
  duration_ms: 1.309527
  type: 'test'
  ...
# Subtest: readable and intentionally unread response streams share bounded lifecycle
ok 174 - readable and intentionally unread response streams share bounded lifecycle
  ---
  duration_ms: 42.606813
  type: 'test'
  ...
# Subtest: refused or non-SSE observations do not masquerade as active subscriptions
ok 175 - refused or non-SSE observations do not masquerade as active subscriptions
  ---
  duration_ms: 1.045966
  type: 'test'
  ...
# Subtest: finite mixed traffic has exact request and durable work budgets
ok 176 - finite mixed traffic has exact request and durable work budgets
  ---
  duration_ms: 42.051078
  type: 'test'
  ...
# Subtest: replay fingerprints match original mutations even when arrival races them
ok 177 - replay fingerprints match original mutations even when arrival races them
  ---
  duration_ms: 14.848739
  type: 'test'
  ...
# Subtest: query pages and attachment transfers retain explicit bounded wire shapes
ok 178 - query pages and attachment transfers retain explicit bounded wire shapes
  ---
  duration_ms: 13.478807
  type: 'test'
  ...
# Subtest: recovery inventory accepts only the supported bounded reference profile
ok 179 - recovery inventory accepts only the supported bounded reference profile
  ---
  duration_ms: 2.831186
  type: 'test'
  ...
# Subtest: archive and object bytes are finite and names cannot escape the snapshot
ok 180 - archive and object bytes are finite and names cannot escape the snapshot
  ---
  duration_ms: 0.532511
  type: 'test'
  ...
# Subtest: secrets and unknown schema attributes are rejected, not silently copied
ok 181 - secrets and unknown schema attributes are rejected, not silently copied
  ---
  duration_ms: 0.25788
  type: 'test'
  ...
# Subtest: reference property order does not change the recovery contract
ok 182 - reference property order does not change the recovery contract
  ---
  duration_ms: 0.258771
  type: 'test'
  ...
# Subtest: snapshot copy checks exact bytes and digest without overwriting destination
ok 183 - snapshot copy checks exact bytes and digest without overwriting destination
  ---
  duration_ms: 44.164772
  type: 'test'
  ...
# Subtest: fresh object restore uses only digested backup bytes and rejects repeat publication
ok 184 - fresh object restore uses only digested backup bytes and rejects repeat publication
  ---
  duration_ms: 244.333267
  type: 'test'
  ...
# Subtest: changed object or unresolved reference prevents any restored object publication
ok 185 - changed object or unresolved reference prevents any restored object publication
  ---
  duration_ms: 226.669562
  type: 'test'
  ...
# Subtest: exact remaining budget admits the declared browser phase
ok 186 - exact remaining budget admits the declared browser phase
  ---
  duration_ms: 0.701442
  type: 'test'
  ...
# Subtest: expired or insufficient provider window refuses a new browser phase
ok 187 - expired or insufficient provider window refuses a new browser phase
  ---
  duration_ms: 0.476495
  type: 'test'
  ...
# Subtest: unbounded or changed phase declaration refuses admission
ok 188 - unbounded or changed phase declaration refuses admission
  ---
  duration_ms: 0.927471
  type: 'test'
  ...
# Subtest: all four actual cases must pass without skipped or failed tests
ok 189 - all four actual cases must pass without skipped or failed tests
  ---
  duration_ms: 0.381695
  type: 'test'
  ...
# Subtest: allocated HTTP and TLS lanes have distinct cookie contracts
ok 190 - allocated HTTP and TLS lanes have distinct cookie contracts
  ---
  duration_ms: 1.172698
  type: 'test'
  ...
# Subtest: unallocated origins and URL decorations are rejected before browser navigation
ok 191 - unallocated origins and URL decorations are rejected before browser navigation
  ---
  duration_ms: 0.416401
  type: 'test'
  ...
# Subtest: HTTP cookies cannot satisfy the TLS lane and TLS cookies cannot satisfy HTTP
ok 192 - HTTP cookies cannot satisfy the TLS lane and TLS cookies cannot satisfy HTTP
  ---
  duration_ms: 0.319677
  type: 'test'
  ...
# Subtest: session cookie must have the exact host, HttpOnly flag and bounded opaque value
ok 193 - session cookie must have the exact host, HttpOnly flag and bounded opaque value
  ---
  duration_ms: 0.231059
  type: 'test'
  ...
# Subtest: missing or duplicate sessions fail while unrelated cookies are ignored
ok 194 - missing or duplicate sessions fail while unrelated cookies are ignored
  ---
  duration_ms: 0.193708
  type: 'test'
  ...
# Subtest: a caller cannot forge the profile to bypass the allocated cookie contract
ok 195 - a caller cannot forge the profile to bypass the allocated cookie contract
  ---
  duration_ms: 0.109338
  type: 'test'
  ...
# Subtest: login rejects an unallocated origin before accessing the browser
ok 196 - login rejects an unallocated origin before accessing the browser
  ---
  duration_ms: 0.422052
  type: 'test'
  ...
# Subtest: both lanes require the deployed Host SameSite=Lax cookie contract
ok 197 - both lanes require the deployed Host SameSite=Lax cookie contract
  ---
  duration_ms: 0.188407
  type: 'test'
  ...
# Subtest: current provider redirect types are preserved and logout is not an authorization callback
ok 198 - current provider redirect types are preserved and logout is not an authorization callback
  ---
  duration_ms: 1.921499
  type: 'test'
  ...
# Subtest: unknown redirect types fail before mutation
ok 199 - unknown redirect types fail before mutation
  ---
  duration_ms: 0.464252
  type: 'test'
  ...
# Subtest: exact scoped callback is confirmed and original redirects are restored
ok 200 - exact scoped callback is confirmed and original redirects are restored
  ---
  duration_ms: 0.692585
  type: 'test'
  ...
# Subtest: lost patch acknowledgement restores state and does not start browser traffic
ok 201 - lost patch acknowledgement restores state and does not start browser traffic
  ---
  duration_ms: 0.377256
  type: 'test'
  ...
# Subtest: browser failure retains its cause and restores redirects
ok 202 - browser failure retains its cause and restores redirects
  ---
  duration_ms: 0.485181
  type: 'test'
  ...
# Subtest: restoration failure refuses success and preserves prior failure
ok 203 - restoration failure refuses success and preserves prior failure
  ---
  duration_ms: 0.507383
  type: 'test'
  ...
# Subtest: unallocated callback is rejected before provider access
ok 204 - unallocated callback is rejected before provider access
  ---
  duration_ms: 0.340086
  type: 'test'
  ...
# Subtest: existing exact callback needs no provider mutation
ok 205 - existing exact callback needs no provider mutation
  ---
  duration_ms: 0.211762
  type: 'test'
  ...
# Subtest: activationReadbackMismatch prevents traffic and restores original configuration
ok 206 - activationReadbackMismatch prevents traffic and restores original configuration
  ---
  duration_ms: 1.658449
  type: 'test'
  ...
# Subtest: malformedActivation prevents traffic and restores original configuration
ok 207 - malformedActivation prevents traffic and restores original configuration
  ---
  duration_ms: 0.430338
  type: 'test'
  ...
# Subtest: restorationReadbackMismatch refuses successful browser result
ok 208 - restorationReadbackMismatch refuses successful browser result
  ---
  duration_ms: 1.46407
  type: 'test'
  ...
# Subtest: loseRestorationAcknowledgement refuses successful browser result
ok 209 - loseRestorationAcknowledgement refuses successful browser result
  ---
  duration_ms: 0.204338
  type: 'test'
  ...
# Subtest: malformed initial configuration and capacity reject before mutation
ok 210 - malformed initial configuration and capacity reject before mutation
  ---
  duration_ms: 0.404658
  type: 'test'
  ...
# Subtest: existing regex redirects are preserved without treating them as exact approval
ok 211 - existing regex redirects are preserved without treating them as exact approval
  ---
  duration_ms: 1.35333
  type: 'test'
  ...
# Subtest: allocated TLS callback is confirmed and restored without changing HTTP redirects
ok 212 - allocated TLS callback is confirmed and restored without changing HTTP redirects
  ---
  duration_ms: 0.231029
  type: 'test'
  ...
# Subtest: TLS lost acknowledgement restores redirects before browser traffic
ok 213 - TLS lost acknowledgement restores redirects before browser traffic
  ---
  duration_ms: 0.204068
  type: 'test'
  ...
# Subtest: decorated and unallocated TLS callbacks fail before provider access
ok 214 - decorated and unallocated TLS callbacks fail before provider access
  ---
  duration_ms: 0.235437
  type: 'test'
  ...
# Subtest: changed browser configuration or imported helper refuses acceptance
ok 215 - changed browser configuration or imported helper refuses acceptance
  ---
  duration_ms: 5.858536
  type: 'test'
  ...
# Subtest: missing source closure refuses acceptance
ok 216 - missing source closure refuses acceptance
  ---
  duration_ms: 0.152189
  type: 'test'
  ...
# Subtest: failed final observation retains primary failure and records failure category
ok 217 - failed final observation retains primary failure and records failure category
  ---
  duration_ms: 0.733413
  type: 'test'
  ...
# Subtest: failed final observation cannot retain a successful status
ok 218 - failed final observation cannot retain a successful status
  ---
  duration_ms: 0.138604
  type: 'test'
  ...
# Subtest: evidence reservation creates an exclusive directory and preserves existing evidence
ok 219 - evidence reservation creates an exclusive directory and preserves existing evidence
  ---
  duration_ms: 1.185662
  type: 'test'
  ...
# Subtest: consumer lock admission compares the full graph and rejects bootstrap
ok 220 - consumer lock admission compares the full graph and rejects bootstrap
  ---
  duration_ms: 0.817883
  type: 'test'
  ...
# Subtest: source fence reads admitted regular files and rejects changed files, traversal and symlinks
ok 221 - source fence reads admitted regular files and rejects changed files, traversal and symlinks
  ---
  duration_ms: 1.852678
  type: 'test'
  ...
# Subtest: provider admission requires exact image digest, platform, version, and source identity
ok 222 - provider admission requires exact image digest, platform, version, and source identity
  ---
  duration_ms: 0.458201
  type: 'test'
  ...
# Subtest: source admission rejects unlisted files rather than fencing only a selected subset
ok 223 - source admission rejects unlisted files rather than fencing only a selected subset
  ---
  duration_ms: 0.727902
  type: 'test'
  ...
# Subtest: browser failure evidence is a closed classification without raw messages
ok 224 - browser failure evidence is a closed classification without raw messages
  ---
  duration_ms: 1.968549
  type: 'test'
  ...
# Subtest: evaluate failures and lost contexts remain distinct from fetch failures
ok 225 - evaluate failures and lost contexts remain distinct from fetch failures
  ---
  duration_ms: 0.242431
  type: 'test'
  ...
# Subtest: unexpected inputs and browser deadlines never fabricate product rejection
ok 226 - unexpected inputs and browser deadlines never fabricate product rejection
  ---
  duration_ms: 0.156908
  type: 'test'
  ...
# Subtest: retained long fixture TMPDIR fails before Chromium launch with a closed diagnostic
ok 227 - retained long fixture TMPDIR fails before Chromium launch with a closed diagnostic
  ---
  duration_ms: 0.937961
  type: 'test'
  ...
# Subtest: short owned TMPDIR retains space for the Chromium socket suffix
ok 228 - short owned TMPDIR retains space for the Chromium socket suffix
  ---
  duration_ms: 0.209628
  type: 'test'
  ...
# Subtest: socket budget counts UTF-8 bytes and rejects non-absolute or malformed paths
ok 229 - socket budget counts UTF-8 bytes and rejects non-absolute or malformed paths
  ---
  duration_ms: 0.173249
  type: 'test'
  ...
# Subtest: storage evidence comes from actual owned directories and device identity
ok 230 - storage evidence comes from actual owned directories and device identity
  ---
  duration_ms: 0.943261
  type: 'test'
  ...
# Subtest: sibling prefix and paths outside the hard run tree are rejected
ok 231 - sibling prefix and paths outside the hard run tree are rejected
  ---
  duration_ms: 0.535828
  type: 'test'
  ...
# Subtest: symbolic links and non-directory storage are rejected
ok 232 - symbolic links and non-directory storage are rejected
  ---
  duration_ms: 0.369432
  type: 'test'
  ...
# Subtest: an uncreated profile or symbolic-link root cannot authorize storage evidence
ok 233 - an uncreated profile or symbolic-link root cannot authorize storage evidence
  ---
  duration_ms: 0.349053
  type: 'test'
  ...
# Subtest: re-enumeration detects added source files, not only changes to listed files
ok 234 - re-enumeration detects added source files, not only changes to listed files
  ---
  duration_ms: 1.653029
  type: 'test'
  ...
# Subtest: source snapshots reject symlinks and enforce finite file bytes
ok 235 - source snapshots reject symlinks and enforce finite file bytes
  ---
  duration_ms: 1.389209
  type: 'test'
  ...
# Subtest: binary preservation is exclusive, immutable by detachment, and hash checked
ok 236 - binary preservation is exclusive, immutable by detachment, and hash checked
  ---
  duration_ms: 15.88685
  type: 'test'
  ...
# Subtest: reuse checks retained binary bytes, hash, inode, and private ownership without a copy
ok 237 - reuse checks retained binary bytes, hash, inode, and private ownership without a copy
  ---
  duration_ms: 14.284787
  type: 'test'
  ...
# Subtest: capture attempt names cannot escape private evidence paths
ok 238 - capture attempt names cannot escape private evidence paths
  ---
  duration_ms: 0.786053
  type: 'test'
  ...
# Subtest: request projections retain known field names without retaining credentials
ok 239 - request projections retain known field names without retaining credentials
  ---
  duration_ms: 0.781304
  type: 'test'
  ...
# Subtest: focused provider repetitions retain closed adapter and engine identity
ok 240 - focused provider repetitions retain closed adapter and engine identity
  ---
  duration_ms: 1.765042
  type: 'test'
  ...
# Subtest: provider cgroup rejects uncapped, broader or partial controls
ok 241 - provider cgroup rejects uncapped, broader or partial controls
  ---
  duration_ms: 0.903836
  type: 'test'
  ...
# Subtest: resource membership must identify the exact fresh unified cgroup
ok 242 - resource membership must identify the exact fresh unified cgroup
  ---
  duration_ms: 0.175093
  type: 'test'
  ...
# Subtest: drain rejects live descendants, duplicate population fields and malformed events
ok 243 - drain rejects live descendants, duplicate population fields and malformed events
  ---
  duration_ms: 0.374261
  type: 'test'
  ...
# Subtest: owned container rejects replacement image/id/label, host networking and uncapped resources
ok 244 - owned container rejects replacement image/id/label, host networking and uncapped resources
  ---
  duration_ms: 2.203484
  type: 'test'
  ...
# Subtest: shared namespace can refer only to the exact previously owned PostgreSQL container
ok 245 - shared namespace can refer only to the exact previously owned PostgreSQL container
  ---
  duration_ms: 0.314838
  type: 'test'
  ...
# Subtest: caller matching a shared cgroup cannot authorize an owned container
ok 246 - caller matching a shared cgroup cannot authorize an owned container
  ---
  duration_ms: 0.782316
  type: 'test'
  ...
# Subtest: crypto projection retains exact regular bytes behind an admitted SONAME link
ok 247 - crypto projection retains exact regular bytes behind an admitted SONAME link
  ---
  duration_ms: 0.84829
  type: 'test'
  ...
# Subtest: crypto projection rejects absent, chained, escaping and unrelated SONAME targets
ok 248 - crypto projection rejects absent, chained, escaping and unrelated SONAME targets
  ---
  duration_ms: 0.278689
  type: 'test'
  ...
# Subtest: crypto projection rejects empty or oversized bytes and an unapproved profile
ok 249 - crypto projection rejects empty or oversized bytes and an unapproved profile
  ---
  duration_ms: 0.244294
  type: 'test'
  ...
# Subtest: browser mapping accepts actual direct owned cgroup and its owned launcher child
ok 250 - browser mapping accepts actual direct owned cgroup and its owned launcher child
  ---
  duration_ms: 0.831008
  type: 'test'
  ...
# Subtest: private crypto wrapper preserves original assets and exact argument forwarding
ok 251 - private crypto wrapper preserves original assets and exact argument forwarding
  ---
  duration_ms: 0.237291
  type: 'test'
  ...
# Subtest: wrapper fails closed on changed export structure and shell-bearing paths
ok 252 - wrapper fails closed on changed export structure and shell-bearing paths
  ---
  duration_ms: 2.27452
  type: 'test'
  ...
# Subtest: actual loaded crypto admission needs both selected libraries and rejects old copies
ok 253 - actual loaded crypto admission needs both selected libraries and rejects old copies
  ---
  duration_ms: 0.250485
  type: 'test'
  ...
# Subtest: Debian admission extracts only the bounded compressed data member
ok 254 - Debian admission extracts only the bounded compressed data member
  ---
  duration_ms: 1.198256
  type: 'test'
  ...
# Subtest: actual Debian BSD-style member names without a slash retain the same closed member contract
ok 255 - actual Debian BSD-style member names without a slash retain the same closed member contract
  ---
  duration_ms: 0.34783
  type: 'test'
  ...
# Subtest: Debian admission rejects alternate or duplicate members and wrong package format
ok 256 - Debian admission rejects alternate or duplicate members and wrong package format
  ---
  duration_ms: 0.30021
  type: 'test'
  ...
# Subtest: tool tar admission returns regular file bytes after checking the complete archive
ok 257 - tool tar admission returns regular file bytes after checking the complete archive
  ---
  duration_ms: 0.638072
  type: 'test'
  ...
# Subtest: observed GNU ustar signature keeps the same checksum and path admission
ok 258 - observed GNU ustar signature keeps the same checksum and path admission
  ---
  duration_ms: 0.373169
  type: 'test'
  ...
# Subtest: archive admission rejects absolute/traversal paths, escaping links and unsupported entry types
ok 259 - archive admission rejects absolute/traversal paths, escaping links and unsupported entry types
  ---
  duration_ms: 2.014245
  type: 'test'
  ...
# Subtest: bounded internal relative links remain metadata and cannot supply selected file bytes
ok 260 - bounded internal relative links remain metadata and cannot supply selected file bytes
  ---
  duration_ms: 0.704739
  type: 'test'
  ...
# Subtest: tar checksum, truncation, trailing content and entry-size bounds fail closed
ok 261 - tar checksum, truncation, trailing content and entry-size bounds fail closed
  ---
  duration_ms: 0.28947
  type: 'test'
  ...
# Subtest: pinned package admission rejects byte drift and length drift before archive parsing
ok 262 - pinned package admission rejects byte drift and length drift before archive parsing
  ---
  duration_ms: 2.199216
  type: 'test'
  ...
# Subtest: engine configuration names every isolated store and excludes inherited remote/credential variables
ok 263 - engine configuration names every isolated store and excludes inherited remote/credential variables
  ---
  duration_ms: 1.947388
  type: 'test'
  ...
# Subtest: isolated INFO rejects wrong store, remote service, shared driver, and existing containers
ok 264 - isolated INFO rejects wrong store, remote service, shared driver, and existing containers
  ---
  duration_ms: 2.501771
  type: 'test'
  ...
# Subtest: bounded engine configuration places all storage under admitted acquisition filesystem
ok 265 - bounded engine configuration places all storage under admitted acquisition filesystem
  ---
  duration_ms: 1.459832
  type: 'test'
  ...
# Subtest: explicit overlay lane records its driver and rejects shared or unknown drivers
ok 266 - explicit overlay lane records its driver and rejects shared or unknown drivers
  ---
  duration_ms: 0.665423
  type: 'test'
  ...
# Subtest: admission requires the exact complete adapter and actual engine scenario matrix
ok 267 - admission requires the exact complete adapter and actual engine scenario matrix
  ---
  duration_ms: 3.544912
  type: 'test'
  ...
# Subtest: strict evidence schema rejects credentials, raw tokens and arbitrary diagnostic fields
ok 268 - strict evidence schema rejects credentials, raw tokens and arbitrary diagnostic fields
  ---
  duration_ms: 0.26843
  type: 'test'
  ...
# Subtest: evidence writes are bounded and never replace an earlier report
ok 269 - evidence writes are bounded and never replace an earlier report
  ---
  duration_ms: 1.349934
  type: 'test'
  ...
# Subtest: evidence writer rejects private fields and symlinked output roots before creating a file
ok 270 - evidence writer rejects private fields and symlinked output roots before creating a file
  ---
  duration_ms: 0.593908
  type: 'test'
  ...
# Subtest: owned graceful provider stop is admitted while unexpected signals remain failures
ok 271 - owned graceful provider stop is admitted while unexpected signals remain failures
  ---
  duration_ms: 0.338102
  type: 'test'
  ...
# Subtest: malformed process records and coercible engine names fail the closed schema
ok 272 - malformed process records and coercible engine names fail the closed schema
  ---
  duration_ms: 0.505079
  type: 'test'
  ...
# Subtest: closure verification compares hash, size, complete references and exact path set
ok 273 - closure verification compares hash, size, complete references and exact path set
  ---
  duration_ms: 1.494228
  type: 'test'
  ...
# Subtest: Chromium keeps the ordinary owned Node browser entry
ok 274 - Chromium keeps the ordinary owned Node browser entry
  ---
  duration_ms: 1.124245
  type: 'test'
  ...
# Subtest: WebKit requires patched crypto and starts in a private mount namespace
ok 275 - WebKit requires patched crypto and starts in a private mount namespace
  ---
  duration_ms: 0.52664
  type: 'test'
  ...
# Subtest: unknown engines and malformed executable references are rejected
ok 276 - unknown engines and malformed executable references are rejected
  ---
  duration_ms: 0.169643
  type: 'test'
  ...
# Subtest: actual detached child records its birth, group and session before owned termination
ok 277 - actual detached child records its birth, group and session before owned termination
  ---
  duration_ms: 15.760761
  type: 'test'
  ...
# Subtest: invalid admission limits refuse execution before a child can write its marker
ok 278 - invalid admission limits refuse execution before a child can write its marker
  ---
  duration_ms: 100.252607
  type: 'test'
  ...
# Subtest: PID reuse, different group, and different boot cannot match an owned process
ok 279 - PID reuse, different group, and different boot cannot match an owned process
  ---
  duration_ms: 0.367398
  type: 'test'
  ...
# Subtest: signal guard refuses a reused child identity and records failed drain without sending a signal
ok 280 - signal guard refuses a reused child identity and records failed drain without sending a signal
  ---
  duration_ms: 113.517348
  type: 'test'
  ...
# Subtest: failed group ownership never executes the requested command
ok 281 - failed group ownership never executes the requested command
  ---
  duration_ms: 101.710756
  type: 'test'
  ...
# Subtest: failed resource admission refuses execution before approval
ok 282 - failed resource admission refuses execution before approval
  ---
  duration_ms: 102.600356
  type: 'test'
  ...
# Subtest: lifecycle requests are closed, sequential, and limited to server pause/resume
ok 283 - lifecycle requests are closed, sequential, and limited to server pause/resume
  ---
  duration_ms: 2.579559
  type: 'test'
  ...
# Subtest: overlapping polls cannot pause an owned provider twice
ok 284 - overlapping polls cannot pause an owned provider twice
  ---
  duration_ms: 4.765049
  type: 'test'
  ...
# Subtest: injected lifecycle roots preserve private ownership and containment checks
ok 285 - injected lifecycle roots preserve private ownership and containment checks
  ---
  duration_ms: 1.391623
  type: 'test'
  ...
# Subtest: a form that becomes visible after navigation is awaited before entry
ok 286 - a form that becomes visible after navigation is awaited before entry
  ---
  duration_ms: 1.067528
  type: 'test'
  ...
# Subtest: an existing provider session may dispatch the callback without a form
ok 287 - an existing provider session may dispatch the callback without a form
  ---
  duration_ms: 0.176095
  type: 'test'
  ...
# Subtest: both failed observations reject instead of inventing form or callback progress
ok 288 - both failed observations reject instead of inventing form or callback progress
  ---
  duration_ms: 1.461185
  type: 'test'
  ...
# Subtest: mount bridge waits for exact exclusive acknowledgement and rejects replacement
ok 289 - mount bridge waits for exact exclusive acknowledgement and rejects replacement
  ---
  duration_ms: 3.789656
  type: 'test'
  ...
# Subtest: listener admission requires exact allocated loopback port and owner PID
ok 290 - listener admission requires exact allocated loopback port and owner PID
  ---
  duration_ms: 1.051387
  type: 'test'
  ...
# Subtest: Nix hash conversion matches actual admitted tool output without one process per closure path
ok 291 - Nix hash conversion matches actual admitted tool output without one process per closure path
  ---
  duration_ms: 0.92165
  type: 'test'
  ...
# Subtest: conversion rejects other algorithms, malformed hashes and noncanonical base64
ok 292 - conversion rejects other algorithms, malformed hashes and noncanonical base64
  ---
  duration_ms: 0.323495
  type: 'test'
  ...
# Subtest: the browser read uses actual Fetch Response status and projects only safe result fields
ok 293 - the browser read uses actual Fetch Response status and projects only safe result fields
  ---
  duration_ms: 27.15042
  type: 'test'
  ...
# Subtest: missing CSRF is omitted and an actual denial never invents protected content
ok 294 - missing CSRF is omitted and an actual denial never invents protected content
  ---
  duration_ms: 0.803476
  type: 'test'
  ...
# Subtest: a non-JSON unauthenticated response retains its actual status
ok 295 - a non-JSON unauthenticated response retains its actual status
  ---
  duration_ms: 0.391814
  type: 'test'
  ...
# Subtest: unlinked account projection contains synthetic identity and no credential
ok 296 - unlinked account projection contains synthetic identity and no credential
  ---
  duration_ms: 1.328573
  type: 'test'
  ...
# Subtest: synthetic provider roles admit only their closed endpoints and methods
ok 297 - synthetic provider roles admit only their closed endpoints and methods
  ---
  duration_ms: 1.033763
  type: 'test'
  ...
# Subtest: actual key and JWKS projections require bounded public identifiers
ok 298 - actual key and JWKS projections require bounded public identifiers
  ---
  duration_ms: 1.586944
  type: 'test'
  ...
# Subtest: owned proxies replace forwarding authority without changing browser Origin or CSRF
ok 299 - owned proxies replace forwarding authority without changing browser Origin or CSRF
  ---
  duration_ms: 0.711852
  type: 'test'
  ...
# Subtest: private provider proxy admits only approved method and exact token/JWKS paths
ok 300 - private provider proxy admits only approved method and exact token/JWKS paths
  ---
  duration_ms: 0.325779
  type: 'test'
  ...
# Subtest: image metadata retains digest identity and rejects byte drift
ok 301 - image metadata retains digest identity and rejects byte drift
  ---
  duration_ms: 1.240847
  type: 'test'
  ...
# Subtest: platform selection rejects missing and ambiguous descriptors
ok 302 - platform selection rejects missing and ambiguous descriptors
  ---
  duration_ms: 0.267438
  type: 'test'
  ...
# Subtest: manifest layer inventory rejects foreign URLs and oversized acquisition budgets
ok 303 - manifest layer inventory rejects foreign URLs and oversized acquisition budgets
  ---
  duration_ms: 0.233934
  type: 'test'
  ...
# Subtest: blob redirects allow only the role CDN and never forward registry authorization
ok 304 - blob redirects allow only the role CDN and never forward registry authorization
  ---
  duration_ms: 27.783513
  type: 'test'
  ...
# Subtest: blob redirect policy rejects insecure, unrelated, credentialed, cross-role and repeated redirects
ok 305 - blob redirect policy rejects insecure, unrelated, credentialed, cross-role and repeated redirects
  ---
  duration_ms: 1.27404
  type: 'test'
  ...
# Subtest: a terminated relay cannot spend the provider readiness wait budget
ok 306 - a terminated relay cannot spend the provider readiness wait budget
  ---
  duration_ms: 0.946708
  type: 'test'
  ...
# Subtest: stopped admission retains immutable provider identity and rejects live or replaced containers
ok 307 - stopped admission retains immutable provider identity and rejects live or replaced containers
  ---
  duration_ms: 0.906451
  type: 'test'
  ...
# Subtest: rebirth requires distinct current init and monitor identities and stable namespace
ok 308 - rebirth requires distinct current init and monitor identities and stable namespace
  ---
  duration_ms: 3.344943
  type: 'test'
  ...
# Subtest: a fresh exclusive private stop file retains identity through the bounded stop request
ok 309 - a fresh exclusive private stop file retains identity through the bounded stop request
  ---
  duration_ms: 9.09348
  type: 'test'
  ...
# Subtest: replacement and symbolic links cannot reuse an admitted stop identity
ok 310 - replacement and symbolic links cannot reuse an admitted stop identity
  ---
  duration_ms: 0.913454
  type: 'test'
  ...
# Subtest: oversized, malformed and outside-root files cannot request an owned stop
ok 311 - oversized, malformed and outside-root files cannot request an owned stop
  ---
  duration_ms: 2.387715
  type: 'test'
  ...
# Subtest: supervision reports actual close and rejects invalid or duplicate process identities
ok 312 - supervision reports actual close and rejects invalid or duplicate process identities
  ---
  duration_ms: 3.605648
  type: 'test'
  ...
# Subtest: deadline terminates the owned group and retains forced exit evidence
ok 313 - deadline terminates the owned group and retains forced exit evidence
  ---
  duration_ms: 11.340025
  type: 'test'
  ...
# Subtest: combined stdout and stderr limits terminate without retaining secret output
ok 314 - combined stdout and stderr limits terminate without retaining secret output
  ---
  duration_ms: 0.490181
  type: 'test'
  ...
# Subtest: shutdown attempts every child and a non-draining process cannot appear successful
ok 315 - shutdown attempts every child and a non-draining process cannot appear successful
  ---
  duration_ms: 10.617203
  type: 'test'
  ...
# Subtest: registry enforces an aggregate output cap across all owned children
ok 316 - registry enforces an aggregate output cap across all owned children
  ---
  duration_ms: 0.54198
  type: 'test'
  ...
# Subtest: concurrency cap preserves earlier reports while allowing a replacement child after close
ok 317 - concurrency cap preserves earlier reports while allowing a replacement child after close
  ---
  duration_ms: 0.33171
  type: 'test'
  ...
# Subtest: TLS prerequisite requires the synthetic page and an actual request for trusted positive
ok 318 - TLS prerequisite requires the synthetic page and an actual request for trusted positive
  ---
  duration_ms: 0.796241
  type: 'test'
  ...
# Subtest: negative TLS admission rejects connection failures and successful navigation
ok 319 - negative TLS admission rejects connection failures and successful navigation
  ---
  duration_ms: 0.496913
  type: 'test'
  ...
# Subtest: expiry oracle waits past the original provider exp with a finite deadline
ok 320 - expiry oracle waits past the original provider exp with a finite deadline
  ---
  duration_ms: 1.046427
  type: 'test'
  ...
# Subtest: token timing projection keeps bounds and hashes without token or claims disclosure
ok 321 - token timing projection keeps bounds and hashes without token or claims disclosure
  ---
  duration_ms: 1.136448
  type: 'test'
  ...
# Subtest: original token key identifier is projected without private claims
ok 322 - original token key identifier is projected without private claims
  ---
  duration_ms: 0.251838
  type: 'test'
  ...
# Subtest: original subject comparison uses hashes without disclosing the subject
ok 323 - original subject comparison uses hashes without disclosing the subject
  ---
  duration_ms: 0.272237
  type: 'test'
  ...
# Subtest: trust namespace requires a different actual namespace and private root propagation
ok 324 - trust namespace requires a different actual namespace and private root propagation
  ---
  duration_ms: 0.809207
  type: 'test'
  ...
# Subtest: trust mount admission requires exact read-only mount and rejects missing/shared/writable mount
ok 325 - trust mount admission requires exact read-only mount and rejects missing/shared/writable mount
  ---
  duration_ms: 0.291884
  type: 'test'
  ...
# Subtest: both maintained relay profiles pass actual supervisor admission without widening its cap
ok 326 - both maintained relay profiles pass actual supervisor admission without widening its cap
  ---
  duration_ms: 1.9801
  type: 'test'
  ...
# Subtest: existing defaults remain finite and the explicit load profile uses the supervisor cap
ok 327 - existing defaults remain finite and the explicit load profile uses the supervisor cap
  ---
  duration_ms: 0.760915
  type: 'test'
  ...
# Subtest: nominal ready limit cannot erase relay startup or cleanup time
ok 328 - nominal ready limit cannot erase relay startup or cleanup time
  ---
  duration_ms: 0.390361
  type: 'test'
  ...
# Subtest: unknown arguments cannot widen or disable provider lifetimes
ok 329 - unknown arguments cannot widen or disable provider lifetimes
  ---
  duration_ms: 0.166797
  type: 'test'
  ...
# Subtest: container launch accepts only maintained finite lifetimes
ok 330 - container launch accepts only maintained finite lifetimes
  ---
  duration_ms: 0.307344
  type: 'test'
  ...
# Subtest: startup consumes admission time and cleanup reserve precedes actual lifetime deadlines
ok 331 - startup consumes admission time and cleanup reserve precedes actual lifetime deadlines
  ---
  duration_ms: 0.255185
  type: 'test'
  ...
# Subtest: expired lifetimes and malformed timing do not produce an admitted ready window
ok 332 - expired lifetimes and malformed timing do not produce an admitted ready window
  ---
  duration_ms: 0.243092
  type: 'test'
  ...
1..332
# tests 332
# suites 0
# pass 332
# fail 0
# cancelled 0
# skipped 0
# todo 0
# duration_ms 12302.123527
rustc 1.99.0 (b940084d7 2026-09-28)
   Compiling proc-macro2 v1.0.107
   Compiling quote v1.0.47
   Compiling unicode-ident v1.0.26
   Compiling libc v0.2.189
   Compiling syn v3.0.6
    Checking itoa v1.0.18
    Checking typenum v1.20.1
   Compiling serde_core v1.0.229
    Checking pin-project-lite v0.2.17
    Checking bytes v1.12.1
   Compiling version_check v0.9.5
    Checking subtle v2.6.1
   Compiling generic-array v0.14.9
   Compiling serde v1.0.229
    Checking cfg-if v1.0.5
   Compiling serde_derive v1.0.229
    Checking errno v0.3.14
    Checking signal-hook-registry v1.4.8
   Compiling tokio-macros v2.7.2
    Checking socket2 v0.6.5
    Checking mio v1.2.3
   Compiling zmij v1.0.23
    Checking tokio v1.53.1
   Compiling serde_json v1.0.151
    Checking memchr v2.8.3
    Checking block-buffer v0.10.4
    Checking crypto-common v0.1.6
    Checking digest v0.10.7
   Compiling crossbeam-utils v0.8.23
    Checking cpufeatures v0.2.17
    Checking sha2 v0.10.9
   Compiling crossbeam-epoch v0.9.21
   Compiling crossbeam-deque v0.8.8
    Checking either v1.18.0
   Compiling rayon-core v1.13.0
    Checking hmac v0.12.1
   Compiling rom-derive v0.0.3 (/root/.codex/worktrees/rom-ui-integration/ROM/crates/rom-derive)
    Checking rayon v1.12.0
   Compiling jobserver v0.1.35
    Checking rom v0.0.3 (/root/.codex/worktrees/rom-ui-integration/ROM/crates/rom)
   Compiling find-msvc-tools v0.1.14
   Compiling shlex v2.0.1
   Compiling cc v1.5.1
   Compiling pkg-config v0.3.34
   Compiling synstructure v0.14.0
   Compiling zerofrom-derive v0.1.8
   Compiling yoke-derive v0.8.4
    Checking zerofrom v0.1.8
    Checking stable_deref_trait v1.2.1
    Checking smallvec v1.16.2
   Compiling zerovec-derive v0.11.6
    Checking yoke v0.8.3
   Compiling displaydoc v0.2.7
    Checking zerovec v0.11.8
    Checking percent-encoding v2.3.2
    Checking writeable v0.6.4
    Checking tinystr v0.8.4
    Checking litemap v0.8.3
    Checking potential_utf v0.1.6
    Checking icu_locale_core v2.3.0
    Checking zerotrie v0.2.5
   Compiling icu_properties_data v2.3.0
   Compiling icu_normalizer_data v2.3.0
    Checking utf8_iter v1.0.4
    Checking icu_collections v2.3.0
    Checking icu_provider v2.3.1
    Checking foldhash v0.2.0
    Checking hashbrown v0.17.1
    Checking form_urlencoded v1.2.2
    Checking icu_normalizer v2.3.0
    Checking icu_properties v2.3.0
    Checking bitflags v2.13.2
    Checking rom-backup v0.0.3 (/root/.codex/worktrees/rom-ui-integration/ROM/crates/rom-backup)
    Checking futures-core v0.3.34
   Compiling vcpkg v0.2.15
    Checking idna_adapter v1.2.2
    Checking idna v1.1.0
   Compiling libsqlite3-sys v0.38.2
    Checking url v2.5.8
    Checking futures-sink v0.3.34
    Checking hashlink v0.12.2
    Checking fallible-iterator v0.3.0
    Checking fallible-streaming-iterator v0.1.9
    Checking slab v0.4.12
   Compiling futures-macro v0.3.34
    Checking futures-task v0.3.34
    Checking futures-util v0.3.34
   Compiling syn v2.0.119
   Compiling cmake v0.1.58
   Compiling fs_extra v1.3.0
   Compiling dunce v1.0.5
   Compiling aws-lc-sys v0.45.0
    Checking rusqlite v0.40.2
    Checking rom-sqlite v0.0.3 (/root/.codex/worktrees/rom-ui-integration/ROM/crates/rom-sqlite)
   Compiling zeroize_derive v1.5.0
    Checking zeroize v1.9.0
   Compiling aws-lc-rs v1.18.1
    Checking rom-blob v0.0.3 (/root/.codex/worktrees/rom-ui-integration/ROM/crates/rom-blob)
    Checking untrusted v0.7.1
   Compiling autocfg v1.5.1
   Compiling num-traits v0.2.19
   Compiling redb v4.3.0
   Compiling thiserror v2.0.21
    Checking rom-redb v0.0.3 (/root/.codex/worktrees/rom-ui-integration/ROM/crates/rom-redb)
   Compiling thiserror-impl v2.0.21
   Compiling num-conv v0.2.2
   Compiling time-core v0.1.9
   Compiling time-macros v0.2.32
    Checking num-integer v0.1.47
    Checking deranged v0.5.8
    Checking powerfmt v0.2.0
    Checking time v0.3.55
    Checking num-bigint v0.4.8
    Checking base64 v0.22.1
    Checking pem v3.0.6
    Checking simple_asn1 v0.6.4
    Checking signature v2.2.0
    Checking iana-time-zone v0.1.65
    Checking chrono v0.4.45
    Checking rom-conformance v0.0.3 (/root/.codex/worktrees/rom-ui-integration/ROM/crates/rom-conformance)
    Checking once_cell v1.21.4
    Checking rom-fields v0.0.3 (/root/.codex/worktrees/rom-ui-integration/ROM/crates/rom-fields)
    Checking http v1.5.0
    Checking http-body v1.1.0
    Checking tracing-core v0.1.36
   Compiling tracing-attributes v0.1.31
    Checking equivalent v1.0.2
    Checking tower-service v0.3.3
   Compiling httparse v1.10.1
    Checking indexmap v2.14.2
    Checking tracing v0.1.44
    Checking tokio-util v0.7.19
    Checking atomic-waker v1.1.2
    Checking try-lock v0.2.5
    Checking fnv v1.0.7
    Checking h2 v0.4.19
    Checking want v0.3.1
    Checking futures-channel v0.3.34
    Checking sync_wrapper v1.0.2
    Checking tower-layer v0.3.3
    Checking httpdate v1.0.3
    Checking hyper v1.11.1
    Checking ipnet v2.12.2
    Checking base64 v0.23.1
    Checking hyper-util v0.1.21
    Checking tower v0.5.3
    Checking http-body-util v0.1.5
    Checking ryu v1.0.23
    Checking serde_urlencoded v0.7.1
    Checking rustls-pki-types v1.15.1
    Checking untrusted v0.9.0
   Compiling rustls v0.23.45
    Checking openssl-probe v0.2.1
    Checking rustls-native-certs v0.8.4
    Checking log v0.4.34
    Checking tower-http v0.6.11
    Checking mime v0.3.17
    Checking axum-core v0.5.6
    Checking serde_path_to_error v0.1.20
   Compiling getrandom v0.4.3
    Checking matchit v0.8.4
    Checking rand_core v0.10.1
    Checking axum v0.8.9
    Checking rom-http v0.0.3 (/root/.codex/worktrees/rom-ui-integration/ROM/crates/rom-http)
    Checking hybrid-array v0.4.15
   Compiling parking_lot_core v0.9.12
    Checking winnow v1.0.4
   Compiling cfg_aliases v0.2.2
   Compiling nix v0.31.3
    Checking toml_parser v1.1.3+spec-1.1.0
    Checking crypto-common v0.2.2
    Checking block-buffer v0.12.1
    Checking toml_datetime v1.1.1+spec-1.1.0
    Checking cpufeatures v0.3.1
    Checking serde_spanned v1.1.1
    Checking scopeguard v1.2.0
    Checking lock_api v0.4.14
    Checking toml v1.1.6+spec-1.1.0
    Checking chacha20 v0.10.2
    Checking digest v0.11.3
    Checking same-file v1.0.6
    Checking pathdiff v0.2.3
    Checking spin v0.10.1
    Checking crc-fast v1.10.0
    Checking config v0.15.27
    Checking walkdir v2.5.0
    Checking parking_lot v0.12.5
    Checking md-5 v0.11.0
    Checking rand v0.10.3
    Checking itertools v0.15.0
    Checking quick-xml v0.41.0
   Compiling async-trait v0.1.92
    Checking humantime v2.4.0
    Checking rom-consumer v0.0.3 (/root/.codex/worktrees/rom-ui-integration/ROM/examples/consumer)
    Checking rom-config v0.0.3 (/root/.codex/worktrees/rom-ui-integration/ROM/crates/rom-config)
    Checking rom-ai v0.0.3 (/root/.codex/worktrees/rom-ui-integration/ROM/crates/rom-ai)
    Checking utf8parse v0.2.2
    Checking anstyle-parse v1.0.0
    Checking anstyle v1.0.14
    Checking anstyle-query v1.1.5
    Checking is_terminal_polyfill v1.70.2
    Checking colorchoice v1.0.5
    Checking anstream v1.0.0
    Checking strsim v0.11.1
   Compiling heck v0.5.0
    Checking clap_lex v1.1.1
    Checking clap_builder v4.6.7
   Compiling clap_derive v4.6.7
    Checking clap v4.6.7
    Checking rom-query-measure v0.0.3 (/root/.codex/worktrees/rom-ui-integration/ROM/tools/query-measure)
    Checking rom-recovery-host v0.0.3 (/root/.codex/worktrees/rom-ui-integration/ROM/tests/recovery-host)
    Checking jsonwebtoken v11.1.0
    Checking rustls-webpki v0.103.15
    Checking rom-auth v0.0.3 (/root/.codex/worktrees/rom-ui-integration/ROM/crates/rom-auth)
    Checking rom-identity v0.0.3 (/root/.codex/worktrees/rom-ui-integration/ROM/crates/rom-identity)
    Checking rom-storage-conformance v0.0.3 (/root/.codex/worktrees/rom-ui-integration/ROM/tests/persistence)
    Checking tokio-rustls v0.26.6
    Checking rustls-platform-verifier v0.7.1
    Checking hyper-rustls v0.27.10
    Checking reqwest v0.13.5
    Checking object_store v0.14.2
    Checking rom-openrouter v0.0.3 (/root/.codex/worktrees/rom-ui-integration/ROM/crates/rom-openrouter)
    Checking rom-studio-host v0.0.3 (/root/.codex/worktrees/rom-ui-integration/ROM/crates/rom-studio-host)
    Checking rom-blob-object-store v0.0.3 (/root/.codex/worktrees/rom-ui-integration/ROM/crates/rom-blob-object-store)
    Checking rom-demo v0.0.3 (/root/.codex/worktrees/rom-ui-integration/ROM/demo)
    Checking rom-cli v0.0.3 (/root/.codex/worktrees/rom-ui-integration/ROM/crates/rom-cli)
    Finished `dev` profile [unoptimized] target(s) in 1m 00s
   Compiling itoa v1.0.18
   Compiling libc v0.2.189
   Compiling typenum v1.20.1
   Compiling serde_core v1.0.229
   Compiling pin-project-lite v0.2.17
   Compiling bytes v1.12.1
   Compiling subtle v2.6.1
   Compiling cfg-if v1.0.5
   Compiling generic-array v0.14.9
   Compiling errno v0.3.14
   Compiling signal-hook-registry v1.4.8
   Compiling serde v1.0.229
   Compiling mio v1.2.3
   Compiling socket2 v0.6.5
   Compiling memchr v2.8.3
   Compiling tokio v1.53.1
   Compiling zmij v1.0.23
   Compiling crypto-common v0.1.6
   Compiling block-buffer v0.10.4
   Compiling digest v0.10.7
   Compiling serde_json v1.0.151
   Compiling cpufeatures v0.2.17
   Compiling sha2 v0.10.9
   Compiling crossbeam-utils v0.8.23
   Compiling crossbeam-epoch v0.9.21
   Compiling either v1.18.0
   Compiling crossbeam-deque v0.8.8
   Compiling rayon-core v1.13.0
   Compiling rom-derive v0.0.3 (/root/.codex/worktrees/rom-ui-integration/ROM/crates/rom-derive)
   Compiling rayon v1.12.0
   Compiling hmac v0.12.1
   Compiling zerofrom v0.1.8
   Compiling stable_deref_trait v1.2.1
   Compiling yoke v0.8.3
   Compiling smallvec v1.16.2
   Compiling zerovec v0.11.8
   Compiling rom v0.0.3 (/root/.codex/worktrees/rom-ui-integration/ROM/crates/rom)
   Compiling tinystr v0.8.4
   Compiling percent-encoding v2.3.2
   Compiling writeable v0.6.4
   Compiling litemap v0.8.3
   Compiling icu_locale_core v2.3.0
   Compiling zerotrie v0.2.5
   Compiling potential_utf v0.1.6
   Compiling utf8_iter v1.0.4
   Compiling icu_collections v2.3.0
   Compiling icu_provider v2.3.1
   Compiling icu_properties_data v2.3.0
   Compiling icu_normalizer_data v2.3.0
   Compiling form_urlencoded v1.2.2
   Compiling foldhash v0.2.0
   Compiling hashbrown v0.17.1
   Compiling icu_normalizer v2.3.0
   Compiling icu_properties v2.3.0
   Compiling idna_adapter v1.2.2
   Compiling idna v1.1.0
   Compiling url v2.5.8
   Compiling rom-backup v0.0.3 (/root/.codex/worktrees/rom-ui-integration/ROM/crates/rom-backup)
   Compiling bitflags v2.13.2
   Compiling futures-core v0.3.34
   Compiling libsqlite3-sys v0.38.2
   Compiling hashlink v0.12.2
   Compiling fallible-streaming-iterator v0.1.9
   Compiling futures-sink v0.3.34
   Compiling fallible-iterator v0.3.0
   Compiling rusqlite v0.40.2
   Compiling slab v0.4.12
   Compiling rom-sqlite v0.0.3 (/root/.codex/worktrees/rom-ui-integration/ROM/crates/rom-sqlite)
   Compiling futures-task v0.3.34
   Compiling futures-util v0.3.34
   Compiling zeroize v1.9.0
   Compiling aws-lc-sys v0.45.0
   Compiling rom-blob v0.0.3 (/root/.codex/worktrees/rom-ui-integration/ROM/crates/rom-blob)
   Compiling untrusted v0.7.1
   Compiling aws-lc-rs v1.18.1
   Compiling num-traits v0.2.19
   Compiling redb v4.3.0
   Compiling thiserror v2.0.21
   Compiling num-integer v0.1.47
   Compiling deranged v0.5.8
   Compiling powerfmt v0.2.0
   Compiling time v0.3.55
   Compiling rom-redb v0.0.3 (/root/.codex/worktrees/rom-ui-integration/ROM/crates/rom-redb)
   Compiling num-bigint v0.4.8
   Compiling base64 v0.22.1
   Compiling simple_asn1 v0.6.4
   Compiling pem v3.0.6
   Compiling signature v2.2.0
   Compiling jsonwebtoken v11.1.0
   Compiling iana-time-zone v0.1.65
   Compiling chrono v0.4.45
   Compiling rom-auth v0.0.3 (/root/.codex/worktrees/rom-ui-integration/ROM/crates/rom-auth)
   Compiling rom-identity v0.0.3 (/root/.codex/worktrees/rom-ui-integration/ROM/crates/rom-identity)
   Compiling rom-conformance v0.0.3 (/root/.codex/worktrees/rom-ui-integration/ROM/crates/rom-conformance)
   Compiling once_cell v1.21.4
   Compiling http v1.5.0
   Compiling rom-fields v0.0.3 (/root/.codex/worktrees/rom-ui-integration/ROM/crates/rom-fields)
   Compiling tracing-core v0.1.36
   Compiling http-body v1.1.0
   Compiling equivalent v1.0.2
   Compiling tower-service v0.3.3
   Compiling indexmap v2.14.2
   Compiling tracing v0.1.44
   Compiling tokio-util v0.7.19
   Compiling fnv v1.0.7
   Compiling atomic-waker v1.1.2
   Compiling try-lock v0.2.5
   Compiling h2 v0.4.19
   Compiling want v0.3.1
   Compiling httparse v1.10.1
   Compiling sync_wrapper v1.0.2
   Compiling futures-channel v0.3.34
   Compiling tower-layer v0.3.3
   Compiling httpdate v1.0.3
   Compiling base64 v0.23.1
   Compiling ipnet v2.12.2
   Compiling tower v0.5.3
   Compiling http-body-util v0.1.5
   Compiling ryu v1.0.23
   Compiling serde_urlencoded v0.7.1
   Compiling hyper v1.11.1
   Compiling rustls-pki-types v1.15.1
   Compiling untrusted v0.9.0
   Compiling rustls-webpki v0.103.15
   Compiling hyper-util v0.1.21
   Compiling rustls v0.23.45
   Compiling openssl-probe v0.2.1
   Compiling rustls-native-certs v0.8.4
   Compiling log v0.4.34
   Compiling tower-http v0.6.11
   Compiling rand_core v0.10.1
   Compiling mime v0.3.17
   Compiling axum-core v0.5.6
   Compiling tokio-rustls v0.26.6
   Compiling hyper-rustls v0.27.10
   Compiling rustls-platform-verifier v0.7.1
   Compiling reqwest v0.13.5
   Compiling serde_path_to_error v0.1.20
   Compiling matchit v0.8.4
   Compiling axum v0.8.9
   Compiling getrandom v0.4.3
   Compiling hybrid-array v0.4.15
   Compiling winnow v1.0.4
   Compiling rom-http v0.0.3 (/root/.codex/worktrees/rom-ui-integration/ROM/crates/rom-http)
   Compiling toml_parser v1.1.3+spec-1.1.0
   Compiling block-buffer v0.12.1
   Compiling crypto-common v0.2.2
   Compiling scopeguard v1.2.0
   Compiling serde_spanned v1.1.1
   Compiling cpufeatures v0.3.1
   Compiling toml_datetime v1.1.1+spec-1.1.0
   Compiling toml v1.1.6+spec-1.1.0
   Compiling chacha20 v0.10.2
   Compiling lock_api v0.4.14
   Compiling digest v0.11.3
   Compiling parking_lot_core v0.9.12
   Compiling spin v0.10.1
   Compiling pathdiff v0.2.3
   Compiling same-file v1.0.6
   Compiling config v0.15.27
   Compiling walkdir v2.5.0
   Compiling crc-fast v1.10.0
   Compiling parking_lot v0.12.5
   Compiling nix v0.31.3
   Compiling md-5 v0.11.0
   Compiling rand v0.10.3
   Compiling itertools v0.15.0
   Compiling quick-xml v0.41.0
   Compiling humantime v2.4.0
   Compiling object_store v0.14.2
   Compiling rom-consumer v0.0.3 (/root/.codex/worktrees/rom-ui-integration/ROM/examples/consumer)
   Compiling rom-config v0.0.3 (/root/.codex/worktrees/rom-ui-integration/ROM/crates/rom-config)
   Compiling rom-ai v0.0.3 (/root/.codex/worktrees/rom-ui-integration/ROM/crates/rom-ai)
   Compiling rom-blob-object-store v0.0.3 (/root/.codex/worktrees/rom-ui-integration/ROM/crates/rom-blob-object-store)
   Compiling rom-demo v0.0.3 (/root/.codex/worktrees/rom-ui-integration/ROM/demo)
   Compiling utf8parse v0.2.2
   Compiling anstyle-parse v1.0.0
   Compiling anstyle-query v1.1.5
   Compiling is_terminal_polyfill v1.70.2
   Compiling colorchoice v1.0.5
   Compiling anstyle v1.0.14
   Compiling anstream v1.0.0
   Compiling strsim v0.11.1
   Compiling clap_lex v1.1.1
   Compiling clap_builder v4.6.7
   Compiling clap v4.6.7
   Compiling rom-openrouter v0.0.3 (/root/.codex/worktrees/rom-ui-integration/ROM/crates/rom-openrouter)
   Compiling rom-studio-host v0.0.3 (/root/.codex/worktrees/rom-ui-integration/ROM/crates/rom-studio-host)
   Compiling rom-query-measure v0.0.3 (/root/.codex/worktrees/rom-ui-integration/ROM/tools/query-measure)
   Compiling rom-cli v0.0.3 (/root/.codex/worktrees/rom-ui-integration/ROM/crates/rom-cli)
   Compiling rom-recovery-host v0.0.3 (/root/.codex/worktrees/rom-ui-integration/ROM/tests/recovery-host)
   Compiling rom-storage-conformance v0.0.3 (/root/.codex/worktrees/rom-ui-integration/ROM/tests/persistence)
    Finished `test` profile [unoptimized] target(s) in 1m 29s
     Running unittests src/lib.rs (/var/tmp/rom-ui-integration-cargo-target/debug/deps/rom-21b482a07a776e13)

running 171 tests
test diagnostics::channel::tests::loss_count_saturates_instead_of_resetting_on_overflow ... ok
test diagnostics::recording::tests::backwards_clock_observation_is_unavailable_instead_of_successful_zero ... ok
test diagnostics::channel::tests::sequence_exhaustion_drops_instead_of_reusing_an_observed_sequence ... ok
test diagnostics::tests::bounded_output_drops_without_waiting_and_keeps_fixed_categories ... ok
test diagnostics::tests::closing_reader_disables_later_records_without_retaining_core_handles ... ok
test diagnostics::tests::capacity_loss_leaves_an_allocation_gap_instead_of_false_continuity ... ok
test diagnostics::tests::collector_drop_does_not_publish_and_explicit_publication_has_a_finite_budget ... ok
test diagnostics::tests::independent_hmac_vectors_pin_versioned_identity_domains ... ok
test diagnostics::tests::generation_fences_claim_owner_without_changing_restart_root_or_work ... ok
test query_storage::tests::checked_score_rejects_addition_overflow_and_unrelated_snapshot_identity ... ok
test query_storage::tests::canonical_candidate_bytes_do_not_claim_stored_text_length ... ok
test query_storage::tests::legacy_adapter_does_not_claim_runtime_ownership ... ok
test diagnostics::tests::parent_reference_matches_the_observed_parent_work_namespace ... ok
test query_storage::tests::default_read_delegates_to_one_bounded_snapshot ... ok
test query_storage::tests::public_scalar_classification_preserves_wrapped_container_boundary ... ok
test query_storage::tests::native_rejects_unknown_response_profiles_and_duplicate_candidates ... ok
test query_storage::tests::selector_rejects_opaque_unknown_shapes_versions_and_identity ... ok
test query_storage::tests::reference_preserves_validation_order_and_sorts_ids ... ok
test reaction_work::accounting_tests::empty_envelope_matches_canonical_serialization_with_and_without_limits ... ok
test reaction_work::accounting_tests::rejected_contribution_changes_are_atomic ... ok
test reaction_work::accounting_tests::persisted_accounting_parts_reconstruct_checked_canonical_totals ... ok
test reaction_work::delivery_profile_tests::another_records_revision_overflow_rolls_back_prior_hold_conversion ... ok
test query_storage::tests::native_admits_whole_kind_and_rejects_inconsistent_responses ... ok
test reaction_work::accounting_tests::affected_entries_match_whole_serialization_through_insert_replace_remove ... ok
test reaction_work::delivery_profile_tests::default_profile_plain_retry_keeps_existing_unknown_delivery_policy ... ok
test reaction_work::delivery_profile_tests::expired_hold_conversion_does_not_skip_other_ready_work ... ok
test query_storage::tests::selector_requires_exact_capability_binding_and_strict_checked_saving ... ok
test query_storage::tests::scalar_wrappers_and_unreferenced_containers_are_eligible ... ok
test reaction_work::accounting_tests::source_and_notification_payloads_keep_frozen_json_contributions ... ok
test diagnostics::tests::concurrent_publication_has_unique_allocations_without_assuming_receive_order ... ok
test reaction_work::delivery_profile_tests::expired_started_delivery_holds_while_active_and_unstarted_leases_are_not_held ... ok
test reaction_work::delivery_profile_tests::generic_finish_retry_cannot_make_started_unknown_delivery_resendable ... ok
test reaction_work::delivery_profile_tests::panicked_hold_profile_fences_without_consuming_retry_budgets ... ok
test reaction_work::delivery_profile_tests::timed_out_hold_profile_fences_without_consuming_retry_budgets ... ok
test reaction_work::delivery_profile_tests::unknown_hold_profile_fences_without_consuming_retry_budgets ... ok
test reaction_work::accounting_tests::root_count_does_not_consume_record_capacity_and_byte_bounds_match_ledger ... ok
test reaction_work::delivery_profile_tests::confirmed_delivery_outcomes_keep_existing_terminal_and_retry_semantics ... ok
test reaction_work::incremental_bridge_tests::canonical_import_roundtrips_and_rejects_inconsistent_roots_and_epochs ... ok
test reaction_work::delivery_profile_tests::retry_profiles_keep_frozen_identity_and_default_unknown_retry ... ok
test reaction_work::delivery_profile_tests::verified_accepted_completes_hold_without_retrying_or_consuming_budget ... ok
test reaction_work::incremental_bridge_tests::idle_delta_cannot_cross_equal_accounting_candidate_contexts ... ok
test reaction_work::delivery_profile_tests::verified_not_accepted_releases_hold_under_original_budgets ... ok
test reaction_work::incremental_bridge_tests::successful_idle_application_invalidates_earlier_context ... ok
test reaction_work::delivery_profile_tests::plain_retry_cannot_bypass_unresolved_evidence_after_a_lifecycle_stop ... ok
test reaction_work::incremental_bridge_tests::same_context_checks_exact_root_fact_before_publication ... ok
test reaction_work::incremental_bridge_tests::equal_accounting_does_not_authorize_foreign_prior_records ... ok
test reaction_work::incremental_bridge_tests::native_import_checks_all_stored_projections_without_repair ... ok
test reaction_work::delivery_profile_tests::hold_generation_or_revision_overflow_rolls_back_all_candidate_changes ... ok
test reaction_work::incremental_tests::empty_policy_and_invalid_epoch_headers_fail_without_work_reads ... ok
test reaction_work::incremental_bridge_tests::delta_applies_once_and_retains_canonical_done_history ... ok
test reaction_work::incremental_bridge_tests::unchanged_write_set_still_checks_exact_record_read_preconditions ... ok
test reaction_work::delivery_profile_tests::uncertainty_holds_at_exhausted_budgets_and_verified_rejection_retains_stop_precedence ... ok
test reaction_work::incremental_tests::failed_public_editor_cannot_publish_partial_enqueue_after_ignored_error ... ok
test reaction_work::incremental_bridge_tests::same_context_noop_checks_readonly_record_fact ... ok
test reaction_work::reference_tests::frozen_oracle_rejects_orphan_root_but_retains_zero_attempt_members ... ok
test reaction_work::incremental_tests::incremental_enqueue_matches_frozen_storage_boundary_and_duplicate_identity ... ok
test reaction_work::revision_tests::bounded_snapshot_rejects_colliding_opaque_handles ... ok
test reaction_work::delivery_profile_tests::restore_holds_only_unresolved_started_profile_and_fences_each_lease_once ... ok
test reaction_work::reference_tests::frozen_oracle_preserves_atomic_id_ordered_prefix_and_late_overflow ... ok
test reaction_work::revision_tests::bounded_snapshot_versions_invalidate_delivery_views ... ok
test reaction_work::revision_tests::claim_retry_and_terminal_updates_invalidate_each_prior_revision ... ok
test reaction_work::incremental_tests::bundle_editor_checks_claim_and_completion_revision_before_enqueue ... ok
test reaction_work::incremental_tests::epoch_policy_capacity_and_materialization_errors_preserve_original_precedence ... ok
test reaction_work::scheduling_tests::archive_rejects_due_below_frozen_floor ... ok
test reaction_work::revision_tests::rejected_updates_preserve_revision_and_all_budgets ... ok
test reaction_work::revision_tests::finish_preserves_attempt_and_root_budget_precedence_when_age_also_expires ... ok
test reaction_work::revision_tests::revision_overflow_rejects_claim_without_consuming_budget ... ok
test reaction_work::revision_tests::delivery_updates_increment_once_and_preserve_claim_generation ... ok
test reaction_work::revision_tests::materialization_versions_parent_and_initializes_children ... ok
test reaction_work::revision_tests::restore_invalidates_revision_and_overflow_is_atomic ... ok
test reaction_work::scheduling_tests::frozen_floor_prevents_early_claim_without_consuming_budgets ... ok
test reaction_work::scheduling_tests::operator_retry_cannot_move_due_below_floor ... ok
test reaction_work::scheduling_tests::backwards_clock_cannot_start_or_finish_delivery_before_floor ... ok
test resource::definition::tests::explicit_denial_never_calls_decoder_or_grants_field_access ... ok
test reaction_work::incremental_tests::id_ordered_prefix_and_late_overflow_are_atomic ... ok
test resource::definition::tests::explicit_read_rule_replaces_reads_and_keeps_row_dependent_writes ... ok
test resource::definition::tests::only_explicit_whole_field_grant_sets_proof_and_field_override_clears_it ... ok
test reaction_work::scheduling_tests::age_deadline_before_floor_stops_without_claim_or_attempt ... ok
test resource::definition::tests::transition_validator_keeps_named_pointer_and_noncapturing_callers ... ok
test resource::input_descriptor_tests::codec_wrapper_paths_must_match_the_declared_shape ... ok
test resource::input_descriptor_tests::builtin_wrappers_preserve_leaf_codec_and_explicit_presentation_path ... ok
test resource::definition::tests::later_policy_restores_opaque_reads_and_later_read_policy_replaces_only_reads ... ok
test resource::definition::tests::explicit_reads_skip_decoder_but_writes_and_field_disclosure_keep_it ... ok
test resource::enum_labels_tests::bindings_reject_duplicate_unknown_and_invalid_leaf_metadata ... ok
test resource::input_descriptor_tests::manual_and_derived_inputs_share_metadata_and_codec_results ... ok
test resource::input_descriptor_tests::standalone_presence_keeps_its_existing_tagged_codec_and_is_opaque ... ok
test resource::input_descriptor_tests::field_bindings_reject_duplicate_unknown_and_invalid_codec_identities ... ok
test resource::input_descriptor_tests::typed_inputs_describe_their_actual_wire_values ... ok
test reaction_work::scheduling_tests::timing_is_part_of_frozen_identity_and_exact_duplicate_is_unchanged ... ok
test resource::input_descriptor_tests::descriptors_reject_ambiguous_or_invalid_metadata ... ok
test resource::input_descriptor_tests::derived_optional_nullable_input_members_preserve_missing_null_and_false ... ok
test reaction_work::scheduling_tests::restore_fences_claims_without_erasing_floor_or_attempts ... ok
test resource::presentation_tests::authoring_json_rejects_unknown_presentation_fields ... ok
test resource::presentation_tests::title_requires_known_text_without_custom_semantics ... ok
test resource::presentation_tests::validates_field_group_and_text_bounds ... ok
test storage_ownership::tests::storage_ownership_clones_share_claim_and_guard_outlives_helper ... ok
test storage_ownership::tests::storage_ownership_excludes_until_guard_drops ... ok
test storage_state::maintenance_tests::empty_state_never_calls_transform ... ok
test storage_ownership::tests::storage_ownership_guard_can_move_between_threads ... ok
test storage_state::maintenance_tests::row_mapping_changes_only_resource_values_and_is_atomic_on_error ... ok
test storage_state::maintenance_tests::tombstone_mapping_does_not_restore_a_live_value ... ok
test reaction_work::scheduling_tests::retry_respects_floor_and_overflow_does_not_publish_candidate ... ok
test storage_state::maintenance_tests::mapping_rejects_growth_that_fits_current_bytes_but_consumes_lifecycle_reserve ... ok
test storage_state::maintenance_tests::work_expansion_preserves_lifecycle_capacity_and_rolls_back ... ok
test storage_state::metadata_tests::bounded_metadata_journal_uses_canonical_cursor_and_limit_rules ... ok
test storage_state::metadata_tests::pre_revision_receipt_replay_bypasses_stale_claim ... ok
test storage_state::metadata_tests::causal_admission_below_floor_matches_canonical_pre_revision_checks ... ok
test resource::enum_labels_tests::shared_invalid_vectors_fail_label_validation_or_wire_decoding ... ok
test storage_state::native_journal::header_tests::scalar_header_round_trip ... ok
test storage_state::maintenance_tests::state_mapping_rolls_back_journal_and_work_if_a_later_transform_fails ... ok
test storage_state::maintenance_tests::state_mapping_preserves_obligation_identity_lifecycle_and_opaque_payloads ... ok
test storage_state::maintenance_tests::journal_expansion_rejects_without_eviction_or_partial_changes ... ok
test storage_state::metadata_tests::incremental_bundle_matches_canonical_completion_and_child_enqueue ... ok
test storage_state::metadata_tests::native_metadata_excludes_retained_work_and_operator_collections ... ok
test storage_state::native_journal::header_tests::rejects_disagreement_capacity_and_extreme_counts ... ok
test storage_state::native_journal::header_tests::rejects_invalid_generation_epochs_and_limits ... ok
test storage_state::metadata_tests::split_and_reassembly_preserve_canonical_archive_state ... ok
test storage_state::native_journal::image_tests::canonical_image_rejects_duplicate_identity_holes_and_retention_limits ... ok
test storage_state::native_journal::image_tests::native_image_rejects_header_count_and_byte_disagreement ... ok
test storage_state::native_journal::image_tests::canonical_and_native_images_preserve_exact_metadata ... ok
test storage_state::native_journal::oracle_tests::native_bundle_engine_is_available_and_paging_preserves_gaps ... ok
test storage_state::metadata_tests::rejected_bundle_does_not_publish_completion_or_counters ... ok
test storage_state::native_journal::oracle_tests::exact_byte_thresholds_max_positions_and_permissive_row_contract_match_oracle ... ok
test storage_state::native_journal::readset_tests::touched_byte_mismatch_is_rejected_and_changed_false_does_not_scan ... ok
test storage_state::native_journal::readset_tests::exact_read_facts_reject_read_only_and_header_mutations_and_cross_context ... ok
test storage_state::native_journal::oracle_tests::one_large_append_retires_multiple_exact_prefix_entries ... ok
test storage_state::native_journal::serialization_tests::deserialized_parts_are_not_validated_header_authority ... ok
test storage_state::native_journal::oracle_tests::paging_progress_across_other_kinds_and_mismatched_cursors_matches_oracle ... ok
test storage_state::native_journal::serialization_tests::parts_serialization_preserves_advanced_epochs_and_empty_maximum_head ... ok
test storage_state::native_journal::serialization_tests::parts_deserialization_rejects_unknown_native_fields ... ok
test storage_state::native_journal::readset_tests::work_only_publication_invalidates_combined_candidate ... ok
test storage_state::native_journal::serialization_tests::parts_deserialization_rejects_missing_fields_and_type_mismatch ... ok
test storage_state::native_journal::oracle_tests::native_delta_matches_every_canonical_field_and_retired_identity ... ok
test storage_state::native_journal::readset_tests::cumulative_reader_budget_is_propagated_before_prefix_publication ... ok
test reaction_work::reference_tests::frozen_oracle_matches_all_five_updates_and_duplicate_enqueue ... ok
test storage_state::operator_tests::delivery_profile_and_operator_metadata_are_required_and_category_checked ... ok
test storage_state::operator_tests::invalid_snapshot_generation_and_archive_generation_are_rejected ... ok
test storage_state::operator_tests::byte_capacity_and_revision_overflow_cannot_leave_a_receipt ... ok
test storage_state::operator_tests::frozen_action_resolution_completes_without_consuming_attempts_or_mutation_budget ... ok
test storage_state::operator_tests::active_leases_hard_budgets_and_wrong_decisions_are_refused ... ok
test storage_state::operator_tests::current_receipt_decoding_requires_prior_state_and_explicit_delivery ... ok
test storage_state::operator_tests::malformed_claim_identity_cannot_publish_candidate_before_error ... ok
test storage_state::operator_tests::exact_replay_precedes_cas_and_preserves_identity_budgets ... ok
test storage_state::operator_tests::archive_validation_rejects_incoherent_retained_prior_control_states ... ok
test storage_state::operator_tests::retry_cannot_bypass_fanout_stops ... ok
test storage_state::operator_tests::receipt_capacity_cannot_block_worker_completion_or_restore_replay ... ok
test storage_state::retention_tests::archive_and_enqueue_reject_inconsistent_work_epochs ... ok
test storage_state::retention_tests::bundle_cannot_persist_future_or_unrelated_reaction_epochs ... ok
test storage_state::retention_tests::archive_requires_action_epoch_to_match_cause_and_floors_to_cover_obligations ... ok
test storage_state::operator_tests::persisted_hold_is_not_claimable_and_requires_verified_reconciliation ... ok
test storage_state::retention_tests::invalid_retention_never_mutates_state ... ok
test storage_state::retention_tests::causal_admission_requires_the_current_stored_claim_in_the_same_epoch ... ok
test storage_state::operator_tests::unverified_receipt_evidence_and_invalid_retained_epoch_fail_archive_validation ... ok
test storage_state::operator_tests::epochs_control_new_admission_and_replay_without_destroying_historical_receipts ... ok
test storage_state::operator_tests::stale_versions_and_receipt_limits_reject_atomically ... ok
test storage_state::retention_tests::retry_epoch_defaults_and_journal_retention_are_explicit_and_repeatable ... ok
test storage_state::retention_tests::replay_floor_and_resolution_only_claims_cannot_be_bypassed ... ok
test storage_state::retention_tests::materialization_cannot_change_the_parent_epoch ... ok
test storage_state::operator_tests::reconciliation_preserves_original_budgets_and_fences_stale_completion ... ok
test storage_state::operator_tests::snapshot_charges_receipts_and_all_metadata_without_truncation ... ok
test storage_state::operator_tests::stopped_action_retry_retains_redacted_failure_history_through_replay_retirement_and_restore ... ok
test storage_state::retention_tests::work_update_rejects_action_epoch_mismatch_without_finishing_source ... ok
test storage_state::retention_tests::retention_removes_complete_roots_and_preserves_newer_budgets ... ok
test storage_state::retention_tests::unresolved_or_unknown_roots_block_retention_atomically ... ok
test storage_state::retention_tests::only_accepted_done_notifications_are_retirable ... ok
test storage_state::native_journal::oracle_tests::completion_child_enqueue_replay_and_error_precedence_match_frozen_bundle ... ok
test storage_state::native_journal::oracle_tests::native_retention_and_canonical_delegation_match_prechange_oracle ... ok
test reaction_work::accounting_tests::every_state_delivery_and_optional_floor_retains_exact_reservation ... ok
test reaction_work::incremental_tests::all_five_updates_preserve_composed_revision_generation_and_root_summaries ... ok
test reaction_work::incremental_bridge_tests::terminal_history_is_absent_from_active_id_selection ... ok
test reaction_work::incremental_tests::local_transition_does_not_read_or_emit_unrelated_terminal_work ... ok

test result: ok. 171 passed; 0 failed; 0 ignored; 0 measured; 0 filtered out; finished in 0.08s

     Running tests/json.rs (/var/tmp/rom-ui-integration-cargo-target/debug/deps/json-ed913cd0f79838c2)

running 3 tests
test duplicate_keys_fail_at_any_depth_with_one_safe_error ... ok
test public_decoder_accepts_complete_json_roots_and_preserves_values ... ok
test invalid_trailing_and_excessively_nested_input_share_safe_errors ... ok

test result: ok. 3 passed; 0 failed; 0 ignored; 0 measured; 0 filtered out; finished in 0.00s

     Running tests/operator_protocol.rs (/var/tmp/rom-ui-integration-cargo-target/debug/deps/operator_protocol-da6bad69e3db13a6)

running 9 tests
test handles_are_stable_opaque_and_canonical ... ok
test control_identifiers_and_evidence_are_bounded_before_submission ... ok
test persisted_reconciliation_hold_has_a_public_safe_status ... ok
test page_charges_full_envelope_and_record_count_after_nested_validation ... ok
test individual_outputs_validate_nested_fields_and_complete_envelope_bytes ... ok
test query_and_response_bounds_reject_zero_oversized_and_overflow ... ok
test page_rejects_nested_fields_its_json_decoder_cannot_accept ... ok
test page_rejects_wrong_protocol_on_envelope_and_nested_view ... ok
test requests_reject_unknown_fields_at_each_boundary ... ok

test result: ok. 9 passed; 0 failed; 0 ignored; 0 measured; 0 filtered out; finished in 0.00s

     Running tests/reference_schema.rs (/var/tmp/rom-ui-integration-cargo-target/debug/deps/reference_schema-2c10198629bc08b1)

running 5 tests
test absence_null_and_tombstones_have_no_live_edges ... ok
test catalog_validation_checks_targets_duplicates_and_canonical_order ... ok
test nested_references_are_unique_and_preserve_full_identity ... ok
test descriptors_round_trip_and_reject_invalid_layouts ... ok
test malformed_reference_values_fail_instead_of_omitting_edges ... ok

test result: ok. 5 passed; 0 failed; 0 ignored; 0 measured; 0 filtered out; finished in 0.00s

     Running tests/replay_versions.rs (/var/tmp/rom-ui-integration-cargo-target/debug/deps/replay_versions-a1c99a0aa5f43d9e)

running 9 tests
test replay_registration_rejects_wrong_kind_current_future_and_duplicate_versions ... ok
test current_authority_denial_precedes_legacy_normalization ... ok
test unmarked_unmigrated_receipt_uses_the_current_catalog_version ... ok
test current_receipt_never_tries_a_legacy_codec_that_would_match ... ok
test unavailable_legacy_codec_fails_closed_without_reexecution ... ok
test renamed_patch_replays_with_the_original_field_codec ... ok
test renamed_create_replays_original_fingerprint_and_never_admits_legacy_fresh_writes ... ok
test exact_legacy_codec_is_used_even_when_the_current_codec_accepts_input ... ok
test legacy_codec_panic_does_not_poison_the_runtime_gate ... ok

test result: ok. 9 passed; 0 failed; 0 ignored; 0 measured; 0 filtered out; finished in 0.00s

     Running tests/retry_epochs.rs (/var/tmp/rom-ui-integration-cargo-target/debug/deps/retry_epochs-4d72af5ec5def1be)

running 6 tests
test omitted_wire_epoch_stays_zero ... ok
test epoch_query_checks_current_actor_authority ... ok
test epochs_validate_order_and_builder_fence_detects_rollback ... ok
test floors_are_rechecked_after_normalization_and_after_proposal_work ... ok
test epochs_separate_identity_and_zero_preserves_the_legacy_identity ... ok
test sealed_epochs_replay_but_never_admit_fresh_input_and_expired_receipts_fail_closed ... ok

test result: ok. 6 passed; 0 failed; 0 ignored; 0 measured; 0 filtered out; finished in 0.00s

     Running tests/storage_ownership.rs (/var/tmp/rom-ui-integration-cargo-target/debug/deps/storage_ownership-cdcc069262b022ed)

running 4 tests
test storage_ownership_pure_validation_precedes_acquisition ... ok
test storage_ownership_failed_registration_releases_claim ... ok
test storage_ownership_excludes_wrapped_and_direct_builders_before_storage_reads ... ok
test storage_ownership_shutdown_retains_claim_until_last_runtime_drops ... ok

test result: ok. 4 passed; 0 failed; 0 ignored; 0 measured; 0 filtered out; finished in 0.00s

     Running unittests src/lib.rs (/var/tmp/rom-ui-integration-cargo-target/debug/deps/rom_ai-68cfd87577d541a1)

running 4 tests
test tools::calculation_tests::wrapper_caught_cpu_panic_is_sanitized_and_does_not_close_runtime ... ok
test tools::calculation_tests::wrapper_cancellation_keeps_real_adapter_admission_and_shutdown_until_cpu_finishes ... ok
test tools::calculation_tests::expired_wrapper_deadline_submits_no_cpu_job ... ok
test tools::calculation_tests::wrapper_deadline_keeps_real_adapter_admission_and_shutdown_until_cpu_finishes ... ok

test result: ok. 4 passed; 0 failed; 0 ignored; 0 measured; 0 filtered out; finished in 2.54s

     Running tests/execution.rs (/var/tmp/rom-ui-integration-cargo-target/debug/deps/execution-97f3d002fd9de578)

running 4 tests
test execution_deadline_rejects_empty_or_unbounded_host_time ... ok
test compatible_defaults_delegate_without_changing_the_prepared_attempt ... ok
test expired_execution_context_never_invokes_legacy_generation_or_lookup ... ok
test clones_and_shortening_share_the_original_monotonic_budget ... ok

test result: ok. 4 passed; 0 failed; 0 ignored; 0 measured; 0 filtered out; finished in 0.03s

     Running tests/reservations.rs (/var/tmp/rom-ui-integration-cargo-target/debug/deps/reservations-99d9461aab31082e)

running 14 tests
test free_attempt_needs_no_paid_authority ... ok
test decoded_and_patched_policy_cannot_amplify_frozen_authority ... ok
test concurrent_reservations_authorize_one_dispatch ... ok
test rounded_retry_at_expiry_fails_without_successor ... ok
test late_unknown_evidence_does_not_extend_or_release_expired_run ... ok
test trusted_settlement_is_exact_and_cannot_rewrite_known_usage ... ok
test expired_reconciliation_retains_charge_without_wake ... ok
test completed_checkpoint_checks_attempt_and_authorized_projection ... ok
test restart_retains_unknown_cost_and_limits ... ok
test reservation_then_run_commit_is_conservative ... ok
test reconciled_nonacceptance_is_explicit_atomic_and_preserves_evidence ... ok
test waiting_checkpoint_is_atomic_and_replay_preserves_rounded_due ... ok
test cancellation_retains_unknown_cost_and_hides_late_output ... ok
test ledger_byte_limit_and_private_codecs_fail_atomically ... ok

test result: ok. 14 passed; 0 failed; 0 ignored; 0 measured; 0 filtered out; finished in 3.33s

     Running tests/routing.rs (/var/tmp/rom-ui-integration-cargo-target/debug/deps/routing-ce9fb8688d825916)

running 16 tests
test capability_prices_and_deadline_fail_closed ... ok
test debug_and_public_errors_do_not_disclose_private_payloads ... ok
test exact_money_rounds_up_and_never_panics_on_overflow ... ok
test cursor_version_and_injected_serialized_limits_are_rejected ... ok
test independent_runs_keep_candidate_and_paid_state ... ok
test native_tool_continuation_retains_calls_and_rejects_forged_results ... ok
test decoded_prepared_contract_requires_explicit_validation ... ok
test paid_reservation_uses_request_ceiling_not_stale_catalog_quote ... ok
test provider_boundary_is_object_safe_send_and_preserves_unresolved_evidence ... ok
test paid_routing_requires_explicit_budget_authority ... ok
test continuation_recomputes_exact_cap_without_resetting_frozen_routing_identity ... ok
test telemetry_failure_cannot_escape_or_render_payloads ... ok
test prepared_contract_rejects_forged_routes_before_dispatch ... ok
test request_limits_and_schema_requirements_are_hard ... ok
test nested_json_envelopes_are_finite_before_serialization ... ok
test completion_tool_ids_limits_and_debug_are_validated ... ok

test result: ok. 16 passed; 0 failed; 0 ignored; 0 measured; 0 filtered out; finished in 0.00s

     Running tests/tools.rs (/var/tmp/rom-ui-integration-cargo-target/debug/deps/tools-6003950f28f76b2f)

running 75 tests
test public_read_progress_contract_exposes_only_finite_status_and_ordinal ... ok
test native_read_schema_uses_typed_input_and_rejects_model_selected_authority ... ok
test decoded_action_contract_rejects_builtin_mutations_and_unbounded_identity ... ok
test public_resume_future_size_characterization ... ok
test redb_grant_revoked_during_calculation_blocks_private_result_publication ... ok
test redb_cancel_tools_before_invocation_prevents_side_effects ... ok
test redb_definite_read_tool_failure_reports_actionable_failure_without_more_io ... ok
test redb_current_tool_grant_revocation_blocks_recovery_without_provider_lookup ... ok
test redb_paid_tool_settlement_lost_ack_replays_exact_original_cost ... ok
test redb_paid_tool_settlement_noncommit_recovers_before_any_tool_io ... ok
test redb_public_read_progress_rejects_current_referenced_row_grant_revocation ... ok
test redb_cancel_pending_tool_after_lost_ack_keeps_uncertainty ... ok
test redb_historical_tool_actor_source_and_global_call_id_forgery_changes_no_state_or_events ... ok
test redb_concurrent_and_duplicate_tool_resume_admits_one_original_receipt_replay ... ok
test redb_public_read_resume_admission_noncommit_reopens_original_identity ... ok
test redb_public_read_result_lost_ack_reopens_with_exact_original_attempt ... ok
test redb_public_read_progress_shows_advisory_recovery_and_queued_snapshots ... ok
test redb_public_read_resume_admission_lost_ack_reopens_original_identity ... ok
test redb_public_read_resume_expiry_reports_failed_without_read_or_charge ... ok
test redb_public_read_result_noncommit_reopens_with_exact_original_attempt ... ok
test redb_public_read_resume_different_owner_changes_no_run_account_or_callback ... ok
test redb_public_read_resume_unstarted_reopened_call_fences_original_delivery ... ok
test redb_submission_freezes_registry_and_replays_original_version_after_restart ... ok
test redb_public_read_resume_revoked_grant_reports_failed_without_read_or_charge ... ok
test registry_rejects_unversioned_duplicate_and_unbounded_declarations ... ok
test redb_public_read_resume_coalesces_duplicates_and_replays_current_projection ... ok
test redb_public_read_resume_reopens_same_call_without_restarting_generation ... ok
test redb_public_read_resume_claimed_unknown_before_callback_preserves_ordinal ... ok
test redb_revoked_tool_grant_blocks_retained_output_disclosure ... ok
test redb_revoked_tool_grant_blocks_successor_generation_and_reports_failure ... ok
test redb_public_read_resume_frozen_retry_budget_exhaustion_is_actionable ... ok
test redb_revoked_paid_grant_blocks_tool_settlement_recovery_without_new_charge ... ok
test redb_repeated_native_call_id_holds_valid_provider_knowledge_without_more_effects ... ok
test redb_source_row_grant_revocation_denies_retained_private_output ... ok
test redb_typed_null_result_remains_completed_through_durable_native_continuation ... ok
test redb_public_read_resume_authority_wait_consumes_shared_deadline_without_admission ... ok
test redb_typed_tools_continue_original_request_and_commit_once ... ok
test sqlite_cancel_pending_tool_after_lost_ack_keeps_uncertainty ... ok
test sqlite_cancel_tools_before_invocation_prevents_side_effects ... ok
test sqlite_grant_revoked_during_calculation_blocks_private_result_publication ... ok
test sqlite_definite_read_tool_failure_reports_actionable_failure_without_more_io ... ok
test sqlite_current_tool_grant_revocation_blocks_recovery_without_provider_lookup ... ok
test redb_unknown_tool_action_replays_original_receipt_after_restart ... ok
test sqlite_public_read_progress_rejects_current_referenced_row_grant_revocation ... ok
test sqlite_paid_tool_settlement_noncommit_recovers_before_any_tool_io ... ok
test sqlite_paid_tool_settlement_lost_ack_replays_exact_original_cost ... ok
test sqlite_historical_tool_actor_source_and_global_call_id_forgery_changes_no_state_or_events ... ok
test sqlite_concurrent_and_duplicate_tool_resume_admits_one_original_receipt_replay ... ok
test sqlite_public_read_progress_shows_advisory_recovery_and_queued_snapshots ... ok
test sqlite_public_read_resume_different_owner_changes_no_run_account_or_callback ... ok
test sqlite_public_read_resume_expiry_reports_failed_without_read_or_charge ... ok
test sqlite_public_read_result_lost_ack_reopens_with_exact_original_attempt ... ok
test sqlite_public_read_resume_admission_lost_ack_reopens_original_identity ... ok
test sqlite_public_read_result_noncommit_reopens_with_exact_original_attempt ... ok
test sqlite_public_read_resume_revoked_grant_reports_failed_without_read_or_charge ... ok
test sqlite_public_read_resume_admission_noncommit_reopens_original_identity ... ok
test sqlite_submission_freezes_registry_and_replays_original_version_after_restart ... ok
test sqlite_public_read_resume_claimed_unknown_before_callback_preserves_ordinal ... ok
test sqlite_public_read_resume_reopens_same_call_without_restarting_generation ... ok
test sqlite_public_read_resume_coalesces_duplicates_and_replays_current_projection ... ok
test sqlite_public_read_resume_authority_wait_consumes_shared_deadline_without_admission ... ok
test sqlite_public_read_resume_unstarted_reopened_call_fences_original_delivery ... ok
test sqlite_public_read_resume_frozen_retry_budget_exhaustion_is_actionable ... ok
test sqlite_revoked_tool_grant_blocks_retained_output_disclosure ... ok
test sqlite_revoked_paid_grant_blocks_tool_settlement_recovery_without_new_charge ... ok
test sqlite_revoked_tool_grant_blocks_successor_generation_and_reports_failure ... ok
test sqlite_repeated_native_call_id_holds_valid_provider_knowledge_without_more_effects ... ok
test sqlite_source_row_grant_revocation_denies_retained_private_output ... ok
test sqlite_typed_null_result_remains_completed_through_durable_native_continuation ... ok
test sqlite_typed_tools_continue_original_request_and_commit_once ... ok
test redb_temporary_or_unknown_read_error_keeps_original_tool_pending ... ok
test sqlite_unknown_tool_action_replays_original_receipt_after_restart ... ok
test sqlite_temporary_or_unknown_read_error_keeps_original_tool_pending ... ok
test redb_read_resume_rejects_live_cpu_after_callback_timeout_then_retries_once ... ok
test sqlite_read_resume_rejects_live_cpu_after_callback_timeout_then_retries_once ... ok

test result: ok. 75 passed; 0 failed; 0 ignored; 0 measured; 0 filtered out; finished in 29.96s

     Running tests/work_flows.rs (/var/tmp/rom-ui-integration-cargo-target/debug/deps/work_flows-a1819a8edd043a50)

running 52 tests
test cancel_replay_keeps_original_identity_after_clock_changes ... ok
test observed_unknown_after_manual_hold_redb_retains_late_header_on_restart ... ok
test cancellation_during_provider_call_retains_late_evidence_without_output ... ok
test observations_follow_real_committed_stages_and_panics_do_not_break_delivery ... ok
test body_clock_expiry_holds_original_effect_without_publishing_completed ... ok
test malformed_completion_is_held_without_trusting_supplied_usage ... ok
test observed_unknown_after_manual_hold_sqlite_retains_late_header_on_restart ... ok
test competing_operation_nonces_do_not_repeat_provider_lookup ... ok
test accepted_reconciliation_completes_original_attempt_without_generation ... ok
test current_owner_is_checked_after_waiting_for_shared_provider_capacity ... ok
test interrupted_known_settlement_recovers_from_durable_run_without_new_generation ... ok
test lost_settlement_ack_recovers_without_extra_cost_events_or_generation ... ok
test binding_is_local_without_autostart_or_runtime_cycle ... ok
test confirmed_rate_limit_survives_concurrent_cancel_stamp_without_successor ... ok
test lookup_admission_is_finite_and_dropped_pending_operations_never_replay_http ... ok
test principal_revocation_blocks_view_replay_and_dispatch ... ok
test preparation_failure_action_retains_exact_orphan_reservation_and_receipt_identity ... ok
test reconciliation::metadata_known_cost_redb_stays_held_and_replays_after_restart ... ok
test reconciliation::metadata_pending_settlement_redb_keeps_original_selection_when_successor_advances ... ok
test confirmed_nonacceptance_schedules_new_bounded_attempt_automatically ... ok
test reconciliation::metadata_settlement_lost_ack_redb_recovers_receipt_on_pending_replay ... ok
test observed_unknown_retains_header_identity_on_restart_without_generation_retry ... ok
test reconciliation::metadata_pending_settlement_sqlite_keeps_original_selection_when_successor_advances ... ok
test operation_identity_and_tick_exhaustion_reject_without_lookup_or_fact ... ok
test reconciliation::metadata_known_cost_sqlite_stays_held_and_replays_after_restart ... ok
test reconciliation::metadata_settlement_lost_ack_sqlite_recovers_receipt_on_pending_replay ... ok
test reconciliation::metadata_settlement_noncommit_redb_repairs_on_pending_replay ... ok
test rate_limit_resumes_automatically_at_durable_due ... ok
test reconciliation::metadata_settlement_noncommit_sqlite_repairs_on_pending_replay ... ok
test redb_valid_requested_tool_completion_retains_knowledge_without_tool_execution ... ok
test reconciliation::redb_held_knowledge_advances_only_latest_milestone_timestamp ... ok
test redb_current_budget_denial_is_visible_without_charging_or_hidden_retry ... ok
test redb_discovery_failure_is_visible_and_fresh_retry_preserves_original_history ... ok
test reconciliation::sqlite_held_knowledge_advances_only_latest_milestone_timestamp ... ok
test restored_due_work_attaches_before_start_and_marker_cannot_be_rewritten ... ok
test single_io_capacity_reports_finite_overload_without_provider_work ... ok
test observed_unknown_foreign_identity_or_amplified_usage_is_not_trusted ... ok
test rejected_output_retains_original_call_evidence_without_publication_or_retry ... ok
test paid_known_cost_settles_exact_account_and_unknown_retains_ceiling_after_expiry ... ok
test sqlite_valid_requested_tool_completion_retains_knowledge_without_tool_execution ... ok
test sqlite_current_budget_denial_is_visible_without_charging_or_hidden_retry ... ok
test sqlite_discovery_failure_is_visible_and_fresh_retry_preserves_original_history ... ok
test restored_executing_attempt_is_held_and_reconciled_without_generation ... ok
test revoked_attempt_grant_denies_generation_and_lookup_without_new_reservations ... ok
test unknown_started_attempt_holds_and_unresolved_resume_never_retransmits ... ok
test unsupported_tool_completion_is_held_without_executing_or_trusting_usage ... ok
test unresolved_resume_replay_does_not_repeat_lookup_and_charges_tick ... ok
test unknown_provider_outcome_survives_concurrent_cancel_stamp ... ok
test wrong_attempt_completion_is_held_without_trusting_supplied_evidence ... ok
test unknown_provider_outcome_survives_concurrent_reconciliation_stamp ... ok
test reconciliation::foreign_or_conflicting_metadata_cannot_change_known_usage_or_release_money ... ok
test reconciliation_deadline_includes_current_authority_setup_before_http ... ok

test result: ok. 52 passed; 0 failed; 0 ignored; 0 measured; 0 filtered out; finished in 9.47s

     Running unittests src/lib.rs (/var/tmp/rom-ui-integration-cargo-target/debug/deps/rom_auth-43f896bddc52ba9a)

running 0 tests

test result: ok. 0 passed; 0 failed; 0 ignored; 0 measured; 0 filtered out; finished in 0.00s

     Running tests/key_ids.rs (/var/tmp/rom-ui-integration-cargo-target/debug/deps/key_ids-09f63766b9e1cd82)

running 5 tests
test key_count_limit_still_rejects_nine_issuer_selected_keys ... ok
test exact_matching_never_normalizes_case_unicode_or_common_long_prefixes ... ok
test original_provider_shape_and_utf8_byte_boundary_work_in_both_signed_profiles ... ok
test invalid_refreshed_key_ids_are_rejected_even_when_selected_key_is_valid ... ok
test empty_control_and_oversize_headers_are_rejected_before_key_acquisition ... ok

test result: ok. 5 passed; 0 failed; 0 ignored; 0 measured; 0 filtered out; finished in 0.14s

     Running tests/oidc.rs (/var/tmp/rom-ui-integration-cargo-target/debug/deps/oidc-fd6da7a8c33bd4e9)

running 11 tests
test oidc_keys::symmetric_algorithm_cannot_use_an_issuer_rsa_key_or_fetch_keys ... ok
test id_token_constructs_sealed_bounded_human_proof_with_explicit_profile ... ok
test oidc_keys::positional_header_array_is_rejected_before_host_key_acquisition ... ok
test old_access_verifier_rejects_id_tokens_and_oidc_rejects_access_type ... ok
test oidc_keys::expired_keys_refresh_completely_and_evidence_never_outlives_cached_keys ... ok
test header_trust_and_host_context_bounds_reject_before_key_acquisition ... ok
test present_hashes_bind_the_original_returned_tokens_and_cannot_be_ignored ... ok
test multi_audience_requires_explicit_trust_and_client_authorized_party ... ok
test oidc_keys::invalid_header_never_fetches_and_invalid_complete_key_sets_never_issue_proof ... ok
test declared_claim_and_configuration_limits_reject_ambiguous_values ... ok
test wrong_signature_binding_nonce_times_or_missing_claims_never_construct_proof ... ok

test result: ok. 11 passed; 0 failed; 0 ignored; 0 measured; 0 filtered out; finished in 0.12s

     Running tests/profiles.rs (/var/tmp/rom-ui-integration-cargo-target/debug/deps/profiles-1684bd6576ca33ba)

running 0 tests

test result: ok. 0 passed; 0 failed; 0 ignored; 0 measured; 0 filtered out; finished in 0.00s

     Running unittests src/lib.rs (/var/tmp/rom-ui-integration-cargo-target/debug/deps/rom_backup-0cd23b5b3a67da76)

running 33 tests
test epoch_upgrade_tests::physical_records_share_logical_collector_budgets_without_entering_snapshot ... ok
test native_ownership::lifetime_tests::incidental_descriptor_duplicate_does_not_extend_guard_ownership ... ok
test native_ownership::lock::tests::post_lock_permission_and_link_changes_are_not_accepted ... ok
test native_ownership::path::tests::a_new_symlink_or_hardlink_cannot_replace_a_reserved_absent_path ... ok
test epoch_upgrade_tests::current_decoder_requires_each_recovery_metadata_field ... ok
test epoch_upgrade_tests::operator_receipts_count_toward_collector_archive_and_maintenance_bounds ... ok
test epoch_upgrade_tests::legacy_decoder_rejects_injected_recovery_metadata ... ok
test publication::tests::native_publication_child ... ok
test native_ownership::lock::tests::sidecar_replacement_is_detected_while_the_original_inode_remains_locked ... ok
test native_ownership::path::tests::database_replacement_or_disappearance_fails_the_post_lock_identity_check ... ok
test epoch_upgrade_tests::current_snapshot_upgrade_checks_catalog_integrity_and_complete_bounds ... ok
test publication::tests::native_finalization_rejects_before_publication_without_removal ... ok
test scheduling_upgrade_tests::ordinary_reader_refuses_operator_aware_predecessor_archive ... ok
test scheduling_upgrade_tests::scheduling_formats_fence_previous_readers ... ok
test native_layout_compatibility_tests::version_seven_layout_markers_preserve_manifest_body_and_source ... ok
test scheduling_upgrade_tests::predecessor_archive_rejects_scheduling_fields_in_pending_or_effect_intent ... ok
test native_layout_compatibility_tests::layout_compatibility_is_exact_and_keeps_canonical_validation ... ok
test tests::reader_rejects_valid_checksum_wrong_format_counts_or_metadata ... ok
test tests::publication_race_and_symlink_refuse_overwrite ... ok
test publication::tests::native_finalization_refuses_unknown_additional_hard_links ... ok
test publication::tests::native_finalization_rejects_replaced_destination_without_removal ... ok
test epoch_upgrade_tests::archive_restore_and_retention_preserve_historical_operator_receipts ... ok
test epoch_upgrade_tests::archive_four_upgrades_genuine_legacy_work_without_current_metadata ... ok
test epoch_upgrade_tests::current_archive_and_restore_preserve_reconciliation_hold_and_profile ... ok
test tests::explicit_legacy_archive_upgrade_preserves_data_and_requires_descriptors ... ok
test publication::tests::native_finalization_removes_only_the_private_alias_and_keeps_reservation ... ok

running 1 test
test scheduling_upgrade_tests::explicit_archive_six_upgrade_preserves_operator_and_work_metadata ... ok
test publication::tests::native_finalization_rejects_symlinks_and_missing_private_artifacts ... ok
test native_layout_compatibility_tests::new_archives_identify_the_current_native_layout ... ok
test publication::tests::native_publication_exit_after_link_requires_exact_artifact_recovery ... ok

running 1 test
test publication::tests::native_publication_exit_before_link_leaves_destination_absent ... ok
test tests::catalogued_archive_upgrade_preserves_or_binds_receipt_origin ... ok
test epoch_upgrade_tests::archive_four_requires_explicit_upgrade_and_preserves_epochs_and_origins ... ok

test result: ok. 33 passed; 0 failed; 0 ignored; 0 measured; 0 filtered out; finished in 0.19s

     Running tests/migration_codecs.rs (/var/tmp/rom-ui-integration-cargo-target/debug/deps/migration_codecs-67168ee7fdc553e1)

running 3 tests
test migration_rejects_noncanonical_source_before_running_converter ... ok
test migration_rejects_target_bytes_that_decode_to_a_different_value ... ok
test canonical_custom_codecs_still_migrate ... ok

test result: ok. 3 passed; 0 failed; 0 ignored; 0 measured; 0 filtered out; finished in 0.00s

     Running tests/migrations.rs (/var/tmp/rom-ui-integration-cargo-target/debug/deps/migrations-41dd4e1a266e388c)

running 5 tests
test typed_migration_converts_history_and_preserves_identity_and_codec_version ... ok
test ordered_steps_preserve_first_receipt_version_across_interleaved_kinds ... ok
test versions_catalog_panics_and_budgets_fail_closed ... ok
test conversion_memoizes_repeated_values_and_contains_validator_panics_and_growth ... ok
test work_requires_explicit_validation_after_source_conversion ... ok

test result: ok. 5 passed; 0 failed; 0 ignored; 0 measured; 0 filtered out; finished in 0.00s

     Running tests/native_ownership.rs (/var/tmp/rom-ui-integration-cargo-target/debug/deps/native_ownership-0635d39fcd916730)

running 10 tests
test processes::ownership_child ... ok
test paths::metadata_errors_do_not_become_missing_file_creation ... ok
test paths::missing_parent_aliases_and_non_utf8_names_preserve_native_path_identity ... ok
test paths::dangling_symlinks_hardlinks_nonregular_databases_and_reserved_names_are_rejected ... ok
test paths::relative_and_symlink_aliases_share_one_canonical_owner ... ok
test paths::missing_paths_are_reserved_without_creating_databases_and_fresh_guard_can_transfer ... ok
test paths::separate_opens_conflict_until_guard_drop_and_keep_the_same_sidecar ... ok
test paths::unsafe_owner_sidecars_are_rejected_without_following_or_truncating_them ... ok
test processes::process_exit_releases_ownership_without_sidecar_removal ... ok
test processes::two_processes_contend_before_a_fresh_database_is_created ... ok

test result: ok. 10 passed; 0 failed; 0 ignored; 0 measured; 0 filtered out; finished in 0.02s

     Running tests/references.rs (/var/tmp/rom-ui-integration-cargo-target/debug/deps/references-beb8e305a7bce39b)

running 5 tests
test exact_edges_do_not_make_dangling_references_valid ... ok
test collector_charges_schema_and_edge_records ... ok
test legacy_binding_preserves_records_and_builds_only_current_edges ... ok
test legacy_binding_rejects_missing_schema_dangling_values_and_output_limits ... ok
test archive_requires_exact_live_reference_graph ... ok

test result: ok. 5 passed; 0 failed; 0 ignored; 0 measured; 0 filtered out; finished in 0.00s

     Running tests/retention.rs (/var/tmp/rom-ui-integration-cargo-target/debug/deps/retention-9d4904d5d7d6b015)

running 6 tests
test expiry_reclaims_noops_but_keeps_one_current_proof_and_journal_gap ... ok
test proof_selection_is_order_independent_and_future_receipts_are_invalid ... ok
test retained_journal_and_unsettled_effects_pin_history ... ok
test unfinished_root_blocks_settlement_and_any_retained_work_blocks_purge ... ok
test invalid_policy_and_limits_reject_without_partial_result ... ok
test sealing_keeps_retry_history_and_explicit_purge_rejects_dependencies ... ok

test result: ok. 6 passed; 0 failed; 0 ignored; 0 measured; 0 filtered out; finished in 0.00s

     Running unittests src/lib.rs (/var/tmp/rom-ui-integration-cargo-target/debug/deps/rom_blob-0895688fa5102a5b)

running 0 tests

test result: ok. 0 passed; 0 failed; 0 ignored; 0 measured; 0 filtered out; finished in 0.00s

     Running tests/lifecycle.rs (/var/tmp/rom-ui-integration-cargo-target/debug/deps/lifecycle-1f3ef22f944929de)

running 13 tests
test backend_panic_releases_work_and_closes_service ... ok
test generic_invocation_cannot_forge_ready_or_replace_pending_with_ready ... ok
test conflicting_or_partial_input_never_publishes ... ok
test service_reports_exact_runtime_and_validated_transport_limits ... ok
test complete_verified_upload_is_attached_and_private ... ok
test revocation_during_backend_read_prevents_disclosure ... ok
test changed_reservation_returns_explicit_unattached_object ... ok
test pending_detachment_keeps_one_cleanup_identity_and_cannot_publish ... ok
test lost_metadata_ack_is_explicit_and_retry_resolves_one_attachment ... ok
test unknown_object_ack_retries_complete_input_without_overwrite ... ok
test input_bounds_and_timeout_publish_nothing ... ok
test canceled_waiter_retains_capacity_and_shutdown_drains_publication ... ok
test shutdown_releases_all_adapter_owners_before_return ... ok

test result: ok. 13 passed; 0 failed; 0 ignored; 0 measured; 0 filtered out; finished in 0.15s

     Running unittests src/lib.rs (/var/tmp/rom-ui-integration-cargo-target/debug/deps/rom_blob_object_store-08535a220dad7a36)

running 0 tests

test result: ok. 0 passed; 0 failed; 0 ignored; 0 measured; 0 filtered out; finished in 0.00s

     Running tests/conformance.rs (/var/tmp/rom-ui-integration-cargo-target/debug/deps/conformance-0ec451b4d6e441d7)

running 5 tests
test real_s3_lost_publish_response_is_unknown_and_reconcilable ... ignored, requires disposable real MinIO; run verify-s3
test real_s3_uses_identical_contract ... ignored, requires disposable real MinIO; run verify-s3
test physical_keys_and_remote_endpoint_policy_reject_unsafe_input ... ok
test folder_atomic_create_bounds_and_reopen ... ok
test folder_and_sqlite_restart_recover_real_attachment_and_detachment ... ok

test result: ok. 3 passed; 0 failed; 2 ignored; 0 measured; 0 filtered out; finished in 0.17s

     Running unittests src/main.rs (/var/tmp/rom-ui-integration-cargo-target/debug/deps/rom-b89aa010822bc552)

running 1 test
test sse::tests::crlf_bytes_all_count_against_frame_budget ... ok

test result: ok. 1 passed; 0 failed; 0 ignored; 0 measured; 0 filtered out; finished in 0.09s

     Running tests/commands.rs (/var/tmp/rom-ui-integration-cargo-target/debug/deps/commands-d357ae4a3368db01)

running 3 tests
test help_lists_generic_operations_and_recovery_contract ... ok
test mutation_requires_explicit_key_and_revision ... ok
test invalid_urls_and_payloads_fail_before_network_without_echoing_input ... ok

test result: ok. 3 passed; 0 failed; 0 ignored; 0 measured; 0 filtered out; finished in 0.04s

     Running tests/failures.rs (/var/tmp/rom-ui-integration-cargo-target/debug/deps/failures-fc8c538e34dd9691)

running 13 tests
test auth_file_header_injection_and_oversize_are_local_redacted_failures ... ok
test interrupt_during_mutation_returns_uncertain_130 ... ok
test mutation_interrupt_does_not_wait_for_a_full_stderr_pipe ... ok
test output_escapes_terminal_controls_in_values_and_identifiers ... ok
test arbitrary_actor_gate_error_after_commit_cannot_prove_rejection ... ok
test authorization_revoked_after_commit_is_uncertain_but_state_is_durable ... ok
test environment_proxy_is_not_used ... ok
test redirect_is_not_followed_or_treated_as_a_success ... ok
test strict_json_matches_http_duplicate_key_rejection ... ok
test committed_mutation_with_lost_http_reply_recovers_only_with_original_identity ... ok
test invalid_responses_are_transport_errors_for_reads_and_uncertain_for_mutations ... ok
test response_identities_and_journal_continuity_match_the_request ... ok
test remote_categories_do_not_invent_rollback_and_never_echo_body ... ok

test result: ok. 13 passed; 0 failed; 0 ignored; 0 measured; 0 filtered out; finished in 0.23s

     Running tests/loopback.rs (/var/tmp/rom-ui-integration-cargo-target/debug/deps/loopback-5dd401fa708c9512)

running 3 tests
test partial_projection_preserves_null_absence_false_and_exact_u64 ... ok
test real_live_and_journal_streams_flush_updates_and_stop_on_revocation ... ok
test two_kinds_use_same_binary_protocol_on_both_adapters ... ok

test result: ok. 3 passed; 0 failed; 0 ignored; 0 measured; 0 filtered out; finished in 1.15s

     Running tests/operator.rs (/var/tmp/rom-ui-integration-cargo-target/debug/deps/operator-4e14d4a7fb0931f9)

running 14 tests
test control_revision_transition_cannot_wrap_at_the_numeric_limit ... ok
test configured_host_page_above_the_default_still_fits_the_cli_bounds ... ok
test object_shape::operator_input_files_reject_top_level_positional_arrays ... ok
test object_shape::operator_responses_reject_top_level_positional_arrays ... ok
test work_commands_map_exactly_to_public_operator_requests ... ok
test capability_denial_and_untrusted_provider_errors_remain_sanitized ... ok
test lost_control_reply_replays_the_exact_file_only_after_an_explicit_new_command ... ok
test reconcile_outcomes_and_exact_replay_have_their_declared_versions ... ok
test list_and_show_responses_respect_scope_filters_uniqueness_and_limits ... ok
test malformed_operator_files_and_wrong_operations_fail_before_submission ... ok
test control_responses_match_request_identity_operation_and_version_transition ... ok
test signals::control_interrupt_does_not_wait_on_blocked_stdout_or_stderr ... ok
test reconciliation::verified_reconciliation_completes_without_resending_and_replays_exactly ... ok
test native::real_operator_commands_inspect_retry_and_replay_without_domain_or_provider_effects ... ok

test result: ok. 14 passed; 0 failed; 0 ignored; 0 measured; 0 filtered out; finished in 0.60s

     Running tests/retry_epochs.rs (/var/tmp/rom-ui-integration-cargo-target/debug/deps/retry_epochs-e6561172aeeb1616)

running 1 test
test explicit_epoch_is_sent_unchanged_and_expiry_never_triggers_automatic_retry ... ok

test result: ok. 1 passed; 0 failed; 0 ignored; 0 measured; 0 filtered out; finished in 0.24s

     Running tests/streaming.rs (/var/tmp/rom-ui-integration-cargo-target/debug/deps/streaming-5d41a5a23943d4c8)

running 6 tests
test fragmented_multiline_crlf_keeps_whole_batches_and_explicit_errors ... ok
test completed_snapshot_is_emitted_before_stream_loss ... ok
test journal_stream_keeps_prior_generation_and_position_between_frames ... ok
test malformed_oversized_and_unfinished_streams_stop_without_success ... ok
test closed_stdout_stops_stream_cleanly_and_ctrl_c_exits_a_blocked_pipe ... ok
test inactive_stream_times_out ... ok

test result: ok. 6 passed; 0 failed; 0 ignored; 0 measured; 0 filtered out; finished in 1.02s

     Running unittests src/lib.rs (/var/tmp/rom-ui-integration-cargo-target/debug/deps/rom_config-98c8ea99125cca11)

running 0 tests

test result: ok. 0 passed; 0 failed; 0 ignored; 0 measured; 0 filtered out; finished in 0.00s

     Running tests/ingestion.rs (/var/tmp/rom-ui-integration-cargo-target/debug/deps/ingestion-17d222b166e5c99e)

running 8 tests
test reading_activation_does_not_grant_its_worker_identity ... ok
test target_codec_diagnostics_are_redacted_at_ingestion_boundary ... ok
test invalid_new_request_preserves_last_valid_and_supersedes_old_completion ... ok
test disabled_then_reenabled_source_does_not_restore_old_ticket_authority ... ok
test native_users_and_trust_configuration_use_the_same_acceptance_pipeline ... ok
test metadata_only_reload_expiry_and_explicit_delete_have_distinct_semantics ... ok
test explicit_reload_epoch_survives_ticket_recovery_without_automatic_renewal ... ok
test both_adapters_recover_atomic_provenance_and_original_identity_after_lost_ack ... ok

test result: ok. 8 passed; 0 failed; 0 ignored; 0 measured; 0 filtered out; finished in 0.35s

     Running tests/parser.rs (/var/tmp/rom-ui-integration-cargo-target/debug/deps/parser-113a2d23f61d58fe)

running 3 tests
test parser_errors_and_debug_do_not_disclose_values_or_paths ... ok
test ambiguous_duplicate_values_and_nonobjects_are_rejected ... ok
test both_formats_preserve_types_and_literal_fields_without_path_merging ... ok

test result: ok. 3 passed; 0 failed; 0 ignored; 0 measured; 0 filtered out; finished in 0.00s

     Running unittests src/lib.rs (/var/tmp/rom-ui-integration-cargo-target/debug/deps/rom_conformance-85a8a25e4ffcf429)

running 0 tests

test result: ok. 0 passed; 0 failed; 0 ignored; 0 measured; 0 filtered out; finished in 0.00s

     Running tests/blob.rs (/var/tmp/rom-ui-integration-cargo-target/debug/deps/blob-646d3bb45e0578fc)

running 1 test
test overwriting_blob_adapter_fails_named_immutable_create_case ... ok

test result: ok. 1 passed; 0 failed; 0 ignored; 0 measured; 0 filtered out; finished in 0.00s

     Running tests/public_contract.rs (/var/tmp/rom-ui-integration-cargo-target/debug/deps/public_contract-7b3d426287b1686e)

running 4 tests
test incorrect_canonical_output_is_rejected ... ok
test invalid_codec_reports_safe_named_case ... ok
test wrong_profile_reports_safe_named_case ... ok
test public_codec_uses_explicit_canonical_and_typed_values ... ok

test result: ok. 4 passed; 0 failed; 0 ignored; 0 measured; 0 filtered out; finished in 0.00s

     Running unittests src/lib.rs (/var/tmp/rom-ui-integration-cargo-target/debug/deps/rom_consumer-16a2de5e74d5c750)

running 0 tests

test result: ok. 0 passed; 0 failed; 0 ignored; 0 measured; 0 filtered out; finished in 0.00s

     Running unittests src/main.rs (/var/tmp/rom-ui-integration-cargo-target/debug/deps/rom_consumer-ba5868aa33f57ea3)

running 0 tests

test result: ok. 0 passed; 0 failed; 0 ignored; 0 measured; 0 filtered out; finished in 0.00s

     Running tests/actor_gate.rs (/var/tmp/rom-ui-integration-cargo-target/debug/deps/actor_gate-50a1c317156bac80)

running 3 tests
test gate_runs_on_bounded_io_and_denies_cached_receipt_and_live_delivery ... ok
test principal_kind_separates_receipt_and_revocation_identity ... ok
test gate_reads_are_bounded_and_policy_panic_fails_closed ... ok

test result: ok. 3 passed; 0 failed; 0 ignored; 0 measured; 0 filtered out; finished in 0.01s

     Running tests/bounds.rs (/var/tmp/rom-ui-integration-cargo-target/debug/deps/bounds-aecd51760672799c)

running 4 tests
test live_closes_on_shutdown ... ok
test subscription_capacity_released_on_drop ... ok
test zero_and_payload_limits_are_explicit ... ok
test snapshot_limits_reject_before_return ... ok

test result: ok. 4 passed; 0 failed; 0 ignored; 0 measured; 0 filtered out; finished in 0.01s

     Running tests/capacity_configuration.rs (/var/tmp/rom-ui-integration-cargo-target/debug/deps/capacity_configuration-606b3984166488b9)

running 2 tests
test maximum_concurrency_is_valid_and_reported ... ok
test invalid_concurrency_returns_error_without_unwinding ... ok

test result: ok. 2 passed; 0 failed; 0 ignored; 0 measured; 0 filtered out; finished in 0.01s

     Running tests/diagnostics.rs (/var/tmp/rom-ui-integration-cargo-target/debug/deps/diagnostics-f9bed7c9ca783a1f)

running 3 tests
test stalled_then_failed_host_exporter_cannot_reject_a_committed_command ... ok
test full_or_closed_host_reader_does_not_block_commands ... ok
test public_host_export_preserves_links_without_private_payloads ... ok

test result: ok. 3 passed; 0 failed; 0 ignored; 0 measured; 0 filtered out; finished in 0.01s

     Running tests/discovery.rs (/var/tmp/rom-ui-integration-cargo-target/debug/deps/discovery-484a29d095087927)

running 12 tests
test discovery_stops_at_exhaustion_before_later_metadata_callbacks ... ok
test current_authority_denial_precedes_metadata_callbacks ... ok
test callback_panic_is_supervised_and_terminal ... ok
test expiry_during_discovery_does_not_return_metadata ... ok
test authority_changed_during_metadata_work_denies_the_catalog ... ok
test catalog_sorts_resources_fields_and_actions_and_serializes_recursive_shapes ... ok
test discovery_denies_by_default_and_requires_resource_grant ... ok
test revocation_while_callback_is_blocked_prevents_disclosure ... ok
test catalog_omits_secrets_and_nested_hidden_references_without_running_domain_code ... ok
test discovery_byte_budget_counts_the_complete_wire_envelope ... ok
test metadata_visibility_does_not_grant_mutation_authority ... ok
test reviewer_catalog_budget_matches_wire_for_every_smaller_limit ... ok

test result: ok. 12 passed; 0 failed; 0 ignored; 0 measured; 0 filtered out; finished in 0.07s

     Running tests/enum_labels.rs (/var/tmp/rom-ui-integration-cargo-target/debug/deps/enum_labels-0014ebe324ac6fb7)

running 2 tests
test invalid_labels_fail_registration_without_changing_value_contracts ... ok
test labels_are_shared_advisory_frozen_authorized_and_schema_independent ... ok

test result: ok. 2 passed; 0 failed; 0 ignored; 0 measured; 0 filtered out; finished in 0.01s

     Running tests/extensions.rs (/var/tmp/rom-ui-integration-cargo-target/debug/deps/extensions-222077083899de09)

running 1 test
test downstream_custom_field_and_manual_definition_use_identical_contract ... ok

test result: ok. 1 passed; 0 failed; 0 ignored; 0 measured; 0 filtered out; finished in 0.00s

     Running tests/fields.rs (/var/tmp/rom-ui-integration-cargo-target/debug/deps/fields-ed4712dbace3cc77)

running 8 tests
test invalid_float_cannot_silently_become_null ... ok
test nested_field_values_reject_wrong_shapes_and_nonfinite_numbers ... ok
test typed_reference_requires_registered_target_kind ... ok
test nullable_ambiguity_is_rejected_inside_collections ... ok
test invalid_enum_definition_is_rejected_at_registration ... ok
test mutually_referencing_kinds_register_without_graph_recursion ... ok
test enum_metadata_enforces_the_custom_codec_contract ... ok
test standard_fields_roundtrip_through_the_same_resource_pipeline ... ok

test result: ok. 8 passed; 0 failed; 0 ignored; 0 measured; 0 filtered out; finished in 0.01s

     Running tests/initial_authority.rs (/var/tmp/rom-ui-integration-cargo-target/debug/deps/initial_authority-30130fe31204f71d)

running 1 test
test current_denial_precedes_registry_and_all_input_codecs ... ok

test result: ok. 1 passed; 0 failed; 0 ignored; 0 measured; 0 filtered out; finished in 0.01s

     Running tests/integrated.rs (/var/tmp/rom-ui-integration-cargo-target/debug/deps/integrated-39876e761c90e8ff)

running 17 tests
test descriptor_codec_rename_null_false_zero_and_unknown_input_agree ... ok
test derived_and_manual_definitions_share_registration_and_capability_checks ... ok
test missing_policy_is_default_deny_and_authorities_are_distinct ... ok
test revoke_buffered_live_signal_and_durable_replay ... ok
test pure_action_panic_releases_permit_without_committing ... ok
test negative_control_cached_payload_would_leak_after_revoke ... ok
test no_op_receipt_does_not_advance_revision_or_emit_event ... ok
test authority_and_revision_are_rechecked_after_cpu_proposal ... ok
test revision_race_and_changed_input_identity_are_distinct ... ok
test concurrent_same_identity_replays_one_durable_transition ... ok
test owner_change_removes_live_membership_and_denies_old_outcome ... ok
test downstream_failure_preserves_upstream_and_recovery_retries_same_action_identity ... ok
test two_resources_share_actions_codec_and_live_membership ... ok
test rollback_after_each_real_sql_write_leaves_full_bundle_absent ... ok
test caller_cancellation_keeps_capacity_and_shutdown_drains_real_work ... ok
test live_initialization_coalescing_delete_and_tombstone_retry ... ok
test unknown_after_actual_commit_reopens_and_deduplicates ... ok

test result: ok. 17 passed; 0 failed; 0 ignored; 0 measured; 0 filtered out; finished in 0.14s

     Running tests/invocation.rs (/var/tmp/rom-ui-integration-cargo-target/debug/deps/invocation-d6eb0bd3cbb7f27b)

running 2 tests
test routing_and_host_identity_are_bounded_before_identity_encoding ... ok
test typed_and_erased_invocation_share_identity_policy_and_custom_actions ... ok

test result: ok. 2 passed; 0 failed; 0 ignored; 0 measured; 0 filtered out; finished in 0.01s

     Running tests/lifecycle.rs (/var/tmp/rom-ui-integration-cargo-target/debug/deps/lifecycle-cda257e2031b6949)

running 15 tests
test ownership_transparent_wrapper_forwards_underlying_claim ... ok
test adapter_panic_is_terminal_and_never_success ... ok
test ownership_rejects_second_builder_until_final_stopped_clone_drops ... ok
test cancelled_read_keeps_io_capacity_until_storage_completes ... ok
test policy_panic_stops_runtime_without_partial_state ... ok
test invalidation_during_live_query_remains_pending_after_success ... ok
test expired_actor_cannot_commit_an_already_admitted_proposal ... ok
test overloaded_live_refresh_can_retry_without_another_mutation ... ok
test cancelled_live_refresh_can_retry_without_another_mutation ... ok
test expired_actor_denied_at_result_and_live_delivery ... ok
test blocking_storage_does_not_block_tokio_heartbeat ... ok
test shutdown_races_admission_without_orphan ... ok
test ownership_cancelled_action_and_drain_waiter_keep_accepted_work_alive ... ok
test concurrent_shutdown_waits_for_same_work ... ok
test cancelled_shutdown_can_be_joined_again ... ok

test result: ok. 15 passed; 0 failed; 0 ignored; 0 measured; 0 filtered out; finished in 0.04s

     Running tests/native_conformance.rs (/var/tmp/rom-ui-integration-cargo-target/debug/deps/native_conformance-e762408d2ce516ea)

running 5 tests
test adapter_errors_are_not_retained_in_conformance_diagnostics ... ok
test wrong_profile_fails_before_factory_operations ... ok
test broken_fixture_fails_named_counts_assertion ... ok
test broken_reopen_fixture_reports_safe_named_failure ... ok
test external_fixture_passes_storage_profile_and_releases_owners_before_reopen ... ok

test result: ok. 5 passed; 0 failed; 0 ignored; 0 measured; 0 filtered out; finished in 0.21s

     Running tests/presence.rs (/var/tmp/rom-ui-integration-cargo-target/debug/deps/presence-775a4d3cc636bcd2)

running 6 tests
test presence_codec_distinguishes_missing_null_value_and_action_input ... ok
test nested_presence_is_rejected_at_registration ... ok
test complete_reads_cannot_reveal_that_a_forbidden_field_is_absent ... ok
test forbidden_unchanged_patch_field_is_rejected_without_blocking_other_fields ... ok
test wire_patch_rejects_required_removal_and_action_preserves_explicit_missing ... ok
test patch_preserves_omitted_fields_null_removal_retry_and_live_query ... ok

test result: ok. 6 passed; 0 failed; 0 ignored; 0 measured; 0 filtered out; finished in 0.01s

     Running tests/projection.rs (/var/tmp/rom-ui-integration-cargo-target/debug/deps/projection-c06a5855a035580a)

running 5 tests
test hidden_filter_is_denied_even_when_database_is_empty ... ok
test projected_live_rechecks_revocation_before_buffered_delivery ... ok
test forbidden_derived_write_does_not_commit ... ok
test projected_outcomes_never_decode_as_complete_resources ... ok
test field_permissions_default_to_deny_and_mixed_replace_is_atomic ... ok

test result: ok. 5 passed; 0 failed; 0 ignored; 0 measured; 0 filtered out; finished in 0.01s

     Running tests/promotion.rs (/var/tmp/rom-ui-integration-cargo-target/debug/deps/promotion-2b0b62a320e445e3)

running 3 tests
test unsupported_nested_nullable_is_rejected_instead_of_losing_presence ... ok
test revoked_read_does_not_reveal_resource_existence ... ok
test built_in_and_custom_operation_names_have_distinct_durable_identity ... ok

test result: ok. 3 passed; 0 failed; 0 ignored; 0 measured; 0 filtered out; finished in 0.00s

     Running tests/query_all.rs (/var/tmp/rom-ui-integration-cargo-target/debug/deps/query_all-bbbd0663963e9617)

running 2 tests
test all_queries_do_not_turn_page_limits_into_scan_limits ... ok
test all_queries_preserve_row_fields_pages_and_live_authorization ... ok

test result: ok. 2 passed; 0 failed; 0 ignored; 0 measured; 0 filtered out; finished in 0.01s

     Running tests/query_contract.rs (/var/tmp/rom-ui-integration-cargo-target/debug/deps/query_contract-9cf631557e4a8e1b)

running 3 tests
test query_bounds_and_unknown_operators_fail_explicitly ... ok
test projected_and_typed_predicates_use_the_actual_field_codec ... ok
test conjunction_and_keyset_pages_share_authorized_identity_order ... ok

test result: ok. 3 passed; 0 failed; 0 ignored; 0 measured; 0 filtered out; finished in 0.01s

     Running tests/source_authority.rs (/var/tmp/rom-ui-integration-cargo-target/debug/deps/source_authority-8a5674ad8b74d1f5)

running 3 tests
test wrong_owner_scope_expiry_and_target_revision_fail_closed ... ok
test owner_permit_and_current_revision_are_required_before_publication ... ok
test metadata_only_reload_is_a_durable_revision_and_exact_replay_is_not ... ok

test result: ok. 3 passed; 0 failed; 0 ignored; 0 measured; 0 filtered out; finished in 0.01s

     Running tests/structured_input.rs (/var/tmp/rom-ui-integration-cargo-target/debug/deps/structured_input-cf90771f582c59cc)

running 6 tests
test invalid_field_shape_is_rejected_before_decoding ... ok
test existing_resource_raw_identifier_keeps_its_persisted_wire_name ... ok
test custom_fields_use_the_same_codec_and_required_nullable_member ... ok
test object_members_preserve_omission_null_and_aliases ... ok
test undeclared_custom_input_errors_stay_sanitized ... ok
test structured_input_executes_through_public_action_pipeline ... ok

test result: ok. 6 passed; 0 failed; 0 ignored; 0 measured; 0 filtered out; finished in 0.01s

     Running unittests src/lib.rs (/var/tmp/rom-ui-integration-cargo-target/debug/deps/rom_demo-cb4b31eb1bfe2333)

running 4 tests
test upgrade::legacy::tests::frozen_checkout_preserves_the_original_string_codec ... ok
test upgrade::legacy::tests::migration_accepts_only_frozen_callback_identity_and_payload_contracts ... ok
test upgrade::legacy::tests::old_profile_keeps_checkout_validation_before_reference_migration ... ok
test upgrade::legacy::tests::current_wire_commands_prepare_the_frozen_profile_without_changing_its_catalog_or_rules ... ok

test result: ok. 4 passed; 0 failed; 0 ignored; 0 measured; 0 filtered out; finished in 0.03s

     Running unittests src/main.rs (/var/tmp/rom-ui-integration-cargo-target/debug/deps/rom_demo-4a85bf7f1684366e)

running 0 tests

test result: ok. 0 passed; 0 failed; 0 ignored; 0 measured; 0 filtered out; finished in 0.00s

     Running tests/compensation.rs (/var/tmp/rom-ui-integration-cargo-target/debug/deps/compensation-5073b18f00bdbd8d)

running 1 test
test explicit_compensation_and_revocation_on_both_adapters ... ok

test result: ok. 1 passed; 0 failed; 0 ignored; 0 measured; 0 filtered out; finished in 0.94s

     Running tests/documented_commands.rs (/var/tmp/rom-ui-integration-cargo-target/debug/deps/documented_commands-d6cccf1beff16bcd)

running 1 test
test readme_invocations_decode_without_a_second_schema ... ok

test result: ok. 1 passed; 0 failed; 0 ignored; 0 measured; 0 filtered out; finished in 0.00s

     Running tests/operator.rs (/var/tmp/rom-ui-integration-cargo-target/debug/deps/operator-22bb3eca93bc3c9b)

running 1 test
test operator_command_recovers_work_then_runs_explicit_compensation_on_both_stores ... ok

test result: ok. 1 passed; 0 failed; 0 ignored; 0 measured; 0 filtered out; finished in 0.54s

     Running tests/provider_auth.rs (/var/tmp/rom-ui-integration-cargo-target/debug/deps/provider_auth-f7f6d13fdaa63e14)

running 0 tests

test result: ok. 0 passed; 0 failed; 0 ignored; 0 measured; 0 filtered out; finished in 0.00s

     Running tests/provider_profile.rs (/var/tmp/rom-ui-integration-cargo-target/debug/deps/provider_profile-a7cf917a6732fbbf)

running 0 tests

test result: ok. 0 passed; 0 failed; 0 ignored; 0 measured; 0 filtered out; finished in 0.00s

     Running tests/reference.rs (/var/tmp/rom-ui-integration-cargo-target/debug/deps/reference-0005c9527cce16bb)

running 3 tests
test reference_process_exit_child ... ignored, fault helper invoked only by committed_rejection_recovers_after_process_exit_without_shutdown

running 1 test

running 1 test
test reference_command_recovers_pending_work_on_both_stores ... ok
test committed_rejection_recovers_after_process_exit_without_shutdown ... ok

test result: ok. 2 passed; 0 failed; 1 ignored; 0 measured; 0 filtered out; finished in 1.28s

     Running tests/reservation_input.rs (/var/tmp/rom-ui-integration-cargo-target/debug/deps/reservation_input-0ab01ce073d7bdee)

running 1 test
test reservation_arguments_are_named_and_invalid_fields_do_not_commit ... ok

test result: ok. 1 passed; 0 failed; 0 ignored; 0 measured; 0 filtered out; finished in 0.01s

     Running tests/server_lifecycle.rs (/var/tmp/rom-ui-integration-cargo-target/debug/deps/server_lifecycle-8ed219a746f7b768)

running 4 tests
test redb_immediate_sigterm_drains_and_reopens ... ok
test sqlite_immediate_sigint_drains_and_reopens ... ok
test redb_immediate_sigint_drains_and_reopens ... ok
test sqlite_immediate_sigterm_drains_and_reopens ... ok

test result: ok. 4 passed; 0 failed; 0 ignored; 0 measured; 0 filtered out; finished in 0.35s

     Running tests/transitions.rs (/var/tmp/rom-ui-integration-cargo-target/debug/deps/transitions-bd0f1bf1fe3c84ea)

running 5 tests
test checkout_v2_declares_stock_reference_without_changing_wire_values ... ok
test generic_patch_cannot_reverse_a_confirmed_checkout ... ok
test transported_mutations_preserve_demo_invariants_on_both_adapters ... ok
test checkout_reference_restricts_an_empty_stock_until_pending_checkout_is_deleted ... ok
test generic_writes_cannot_retarget_compensation_or_corrupt_reservations ... ok

test result: ok. 5 passed; 0 failed; 0 ignored; 0 measured; 0 filtered out; finished in 0.29s

     Running tests/upgrade.rs (/var/tmp/rom-ui-integration-cargo-target/debug/deps/upgrade-e048953bdf3a7f76)

running 6 tests
test upgrade_process_exit_child ... ignored, actual process-exit fixture invoked by process_exit_preserves_pending_compensation_through_migration_backup_and_restore

running 1 test
test upgrade_rejects_invalid_arguments_without_creating_files ... ok

running 1 test
test invalid_conversion_missing_target_and_unaccepted_work_never_publish ... ok
test migrated_receipt_requires_its_recorded_codec_and_current_authority ... ok
test upgrade_command_runs_the_real_application_on_both_backends ... ok
test process_exit_preserves_pending_compensation_through_migration_backup_and_restore ... ok

test result: ok. 5 passed; 0 failed; 1 ignored; 0 measured; 0 filtered out; finished in 2.90s

     Running tests/workshop.rs (/var/tmp/rom-ui-integration-cargo-target/debug/deps/workshop-2b246d2c84954ab5)

running 3 tests
test custom_field_canonicalizes_and_rejects_invalid_stock_codes ... ok
test local_cli_discovers_only_deliberately_published_domain_metadata ... ok
test same_author_application_runs_on_sqlite_and_redb ... ok

test result: ok. 3 passed; 0 failed; 0 ignored; 0 measured; 0 filtered out; finished in 0.94s

     Running unittests src/lib.rs (/var/tmp/rom-ui-integration-cargo-target/debug/deps/rom_derive-e86dbf6e7563a029)

running 0 tests

test result: ok. 0 passed; 0 failed; 0 ignored; 0 measured; 0 filtered out; finished in 0.00s

     Running unittests src/lib.rs (/var/tmp/rom-ui-integration-cargo-target/debug/deps/rom_fields-aba887dd6d5ffa8b)

running 0 tests

test result: ok. 0 passed; 0 failed; 0 ignored; 0 measured; 0 filtered out; finished in 0.00s

     Running tests/codecs.rs (/var/tmp/rom-ui-integration-cargo-target/debug/deps/codecs-7a8e865fdd4172b4)

running 8 tests
test colors_and_mailboxes ... ok
test decimal_and_units_remain_exact_strings ... ok
test calendar_and_time_boundaries ... ok
test native_profile_and_broken_canonical_fixture_fail_explicitly ... ok
test public_resource_normalization_enforces_semantics_and_wrapper_contracts ... ok
test urls_are_parsed_without_active_schemes_or_credentials ... ok
test timestamps_are_known_instants_with_chronological_string_order ... ok
test exact_text_and_json_do_not_rewrite_precision_or_line_endings ... ok

test result: ok. 8 passed; 0 failed; 0 ignored; 0 measured; 0 filtered out; finished in 0.00s

     Running tests/shared_vectors.rs (/var/tmp/rom-ui-integration-cargo-target/debug/deps/shared_vectors-8bfefe8090a0ea90)

running 1 test
test shared_studio_vectors_match_compiled_backend_codecs ... ok

test result: ok. 1 passed; 0 failed; 0 ignored; 0 measured; 0 filtered out; finished in 0.00s

     Running unittests src/lib.rs (/var/tmp/rom-ui-integration-cargo-target/debug/deps/rom_http-2fca16898970885b)

running 1 test
test error_tests::expired_identity_has_a_distinct_gone_category ... ok

test result: ok. 1 passed; 0 failed; 0 ignored; 0 measured; 0 filtered out; finished in 0.00s

     Running tests/capacity_configuration.rs (/var/tmp/rom-ui-integration-cargo-target/debug/deps/capacity_configuration-116f268e3bd551ad)

running 1 test
test http_body_capacity_is_fallible_at_engine_boundaries ... ok

test result: ok. 1 passed; 0 failed; 0 ignored; 0 measured; 0 filtered out; finished in 0.00s

     Running tests/loopback.rs (/var/tmp/rom-ui-integration-cargo-target/debug/deps/loopback-9b286c283412a0c1)

running 34 tests
test discovery::discovery_http_never_returns_an_oversized_partial_catalog ... ok
test authentication::shutdown_closes_admission_and_pending_auth_cannot_bypass_runtime_closure ... ok
test authentication::denied_async_authentication_responds_without_waiting_for_streamed_body ... ok
test admission::strict_json_and_declared_and_chunked_body_bounds_reject_before_execution ... ok
test authentication::delayed_async_authentication_allows_unrelated_tcp_request_to_commit ... ok
test mutation::disconnect_after_acceptance_retains_work_permit_and_retry_replays_one_commit ... ok
test authentication::body_admission_rejects_extra_request_before_async_authentication ... ok
test discovery::discovery_route_uses_explicit_grants_and_strict_authenticated_input ... ok
test journal::retention_loss_is_explicit_for_both_missing_and_expired_cursor ... ok
test journal::expired_history_requires_explicit_head_then_snapshot_recovery ... ok
test discovery::studio_wire_fixtures_use_actual_http_values_and_live_frames ... ok
test journal::journal_replays_distinct_facts_and_rejects_wrong_generation_scope_and_future_cursor ... ok
test journal::journal_pages_are_bounded_and_cancelled_wait_does_not_acknowledge_a_fact ... ok
test mutation::lost_commit_ack_is_unknown_on_wire_and_same_identity_resolves_it ... ok
test operator::default_policy_denies_work_without_disclosing_its_existence ... ok
test authentication::sync_and_async_authentication_share_resource_and_body_contracts ... ok
test operator::operator_capabilities_use_current_verified_actor_and_default_to_false ... ok
test mutation::embedded_and_wire_share_mutation_identity_authorization_and_projection ... ok
test operator::operator_capabilities_accept_only_an_empty_object ... ok
test observations::stream_capacity_is_bounded_and_disconnect_releases_the_subscription ... ok
test operator::structured_request_admission_preserves_nested_resource_arrays ... ok
test operator::operator_routes_reject_top_level_positional_arrays ... ok
test operator::operator_routes_refuse_actor_fields_and_oversized_bodies ... ok
test authentication::synchronous_and_asynchronous_constructors_share_limit_validation ... ok
test observations::idle_stream_expiry_rechecks_without_a_resource_write ... ok
test observations::live_is_fresh_coalescing_state_and_revocation_and_shutdown_close_streams ... ok
test query::all_wire_observation_forms_apply_field_projection_and_predicate_authority ... ok
test query_anchor::query_anchor_route_preserves_native_float_codec_and_moving_boundary ... ok
test query::structured_queries_and_patches_use_the_generic_wire_contract ... ok
test query::ranges_sort_and_client_anchor_share_query_and_live_wire_paths ... ok
test operator_flow::operator_http_matches_embedded_inspection_and_atomic_retry_without_resending ... ok
test observations::live_keeps_one_pending_read_across_keepalives ... ok
test admission::slow_body_owns_independent_admission_until_timeout ... ok
test observations::journal_keeps_one_pending_read_across_keepalives ... ok

test result: ok. 34 passed; 0 failed; 0 ignored; 0 measured; 0 filtered out; finished in 0.16s

     Running unittests src/lib.rs (/var/tmp/rom-ui-integration-cargo-target/debug/deps/rom_identity-2034fc7f4c3db30b)

running 0 tests

test result: ok. 0 passed; 0 failed; 0 ignored; 0 measured; 0 filtered out; finished in 0.00s

     Running tests/integration.rs (/var/tmp/rom-ui-integration-cargo-target/debug/deps/integration-649e2ca5592093eb)

running 8 tests
test authority_links_and_provider_config_are_validated_and_bootstrap_is_explicit ... ok
test user_disable_during_action_proposal_prevents_commit ... ok
test oidc::access_and_id_proofs_cannot_cross_provider_profiles_or_stamp_profiles ... ok
test real_signed_proof_links_through_native_resources_and_expiry_is_preserved ... ok
test oidc::oidc_proof_uses_explicit_current_link_and_finite_gate ... ok
test disabled_user_denies_cached_retry_and_live_without_repeating_commit ... ok
test provider_revision_and_unlink_relink_cannot_revive_old_bindings ... ok
test oidc::oidc_current_provider_user_and_link_revisions_do_not_revive_evidence ... ok

test result: ok. 8 passed; 0 failed; 0 ignored; 0 measured; 0 filtered out; finished in 0.09s

     Running unittests src/lib.rs (/var/tmp/rom-ui-integration-cargo-target/debug/deps/rom_openrouter-1bcbaf5be1f8126e)

running 0 tests

test result: ok. 0 passed; 0 failed; 0 ignored; 0 measured; 0 filtered out; finished in 0.00s

     Running tests/catalog_flows.rs (/var/tmp/rom-ui-integration-cargo-target/debug/deps/catalog_flows-775f51d8bdd49b44)

running 0 tests

test result: ok. 0 passed; 0 failed; 0 ignored; 0 measured; 0 filtered out; finished in 0.00s

     Running tests/endpoints.rs (/var/tmp/rom-ui-integration-cargo-target/debug/deps/endpoints-3f905136827226a8)

running 0 tests

test result: ok. 0 passed; 0 failed; 0 ignored; 0 measured; 0 filtered out; finished in 0.00s

     Running tests/execution.rs (/var/tmp/rom-ui-integration-cargo-target/debug/deps/execution-feea2e469338dd15)

running 0 tests

test result: ok. 0 passed; 0 failed; 0 ignored; 0 measured; 0 filtered out; finished in 0.00s

     Running tests/native_tools.rs (/var/tmp/rom-ui-integration-cargo-target/debug/deps/native_tools-678a86a5dddf42c0)

running 0 tests

test result: ok. 0 passed; 0 failed; 0 ignored; 0 measured; 0 filtered out; finished in 0.00s

     Running tests/supervisor.rs (/var/tmp/rom-ui-integration-cargo-target/debug/deps/supervisor-12c1804bd91f7a49)

running 0 tests

test result: ok. 0 passed; 0 failed; 0 ignored; 0 measured; 0 filtered out; finished in 0.00s

     Running tests/tls.rs (/var/tmp/rom-ui-integration-cargo-target/debug/deps/tls-45a4aba8e424c826)

running 0 tests

test result: ok. 0 passed; 0 failed; 0 ignored; 0 measured; 0 filtered out; finished in 0.00s

     Running tests/wire_contract.rs (/var/tmp/rom-ui-integration-cargo-target/debug/deps/wire_contract-b4836c5c48e5642f)

running 3 tests
test host_limits_are_positive_finite ... ok
test credentials_are_bounded_valid_headers_and_debug_is_redacted ... ok
test production_origin_rejects_credential_and_route_injection ... ok

test result: ok. 3 passed; 0 failed; 0 ignored; 0 measured; 0 filtered out; finished in 0.00s

     Running unittests src/lib.rs (/var/tmp/rom-ui-integration-cargo-target/debug/deps/rom_query_measure-538263b1cd4543b2)

running 6 tests
test tests::duplicate_dataset_sizes_cannot_reuse_a_measured_database ... ok
test tests::trial_orders_cover_all_six_mode_permutations ... ok
test tests::heldout_seed_does_not_repeat_shifted_calibration_random_fields ... ok
test tests::fixture_is_deterministic_and_skew_is_independent_of_amount ... ok
test tests::reusable_write_workload_commits_and_preserves_expected_revisions ... ok
test tests::smoke_compares_complete_runtime_results_and_emits_all_three_modes ... ok

test result: ok. 6 passed; 0 failed; 0 ignored; 0 measured; 0 filtered out; finished in 1.65s

     Running unittests src/main.rs (/var/tmp/rom-ui-integration-cargo-target/debug/deps/rom_query_measure-a197f6fad20e2df2)

running 0 tests

test result: ok. 0 passed; 0 failed; 0 ignored; 0 measured; 0 filtered out; finished in 0.00s

     Running unittests src/bin/write.rs (/var/tmp/rom-ui-integration-cargo-target/debug/deps/rom_query_write_measure-00200f0bf09680cd)

running 0 tests

test result: ok. 0 passed; 0 failed; 0 ignored; 0 measured; 0 filtered out; finished in 0.00s

     Running unittests src/main.rs (/var/tmp/rom-ui-integration-cargo-target/debug/deps/rom_recovery_host-0797f5a4ac88981c)

running 1 test
test note_tests::fixture_discovery_requires_current_human_authority_and_keeps_row_grants_separate ... ok

test result: ok. 1 passed; 0 failed; 0 ignored; 0 measured; 0 filtered out; finished in 0.10s

     Running unittests src/lib.rs (/var/tmp/rom-ui-integration-cargo-target/debug/deps/rom_redb-31bfb9574aca46ec)

running 47 tests
test native_journal_tests::genuine_captured_format_ten_converts_into_candidate ... ignored, Requires preserved genuine format-10 fixture path in ROM_REDB_FORMAT10_FIXTURE
test native_journal_tests::candidate_layout_has_scalar_header_and_position_index ... ok
test native_journal_tests::borrowed_index_is_charged_before_malformed_decode ... ok
test native_journal_tests::configured_native_limits_are_independent_of_logical_collection_limits ... ok
test native_journal_tests::maintenance_tests::candidate_valid_inventory_above_default_cap_preserves_custom_profile ... ignored, explicit >128MiB physical-budget gate; root must admit memory/disk envelope
test native_journal_tests::changed_false_commit_adds_a_receipt_without_a_position_or_payload ... ok
test native_journal_tests::incoming_event_identity_cannot_overwrite_an_orphan_payload ... ok
test native_journal_tests::complete_native_admission_is_cumulative_before_any_decode ... ok
test native_journal_tests::candidate_operator_snapshot_keeps_separate_work_and_native_bounds ... ok
test native_journal_tests::candidate_commit_retains_the_canonical_prefix_and_reopens ... ok
test native_journal_tests::candidate_unknown_ack_replays_without_another_event ... ok
test native_journal_tests::candidate_work_selection_and_materialization_keep_the_existing_lifecycle ... ok
test native_journal_tests::maintenance_tests::candidate_maintenance_admits_aggregate_native_raw_bytes_before_callbacks ... ok
test native_journal_tests::maintenance_tests::candidate_maintenance_rejects_individually_fitting_native_values_in_aggregate ... ok
test native_journal_tests::predecessor_ten_has_an_explicit_conversion_decoder ... ok
test native_journal_tests::native_candidates_do_not_cross_transaction_contexts ... ok
test native_journal_tests::native_read_facts_reject_changed_retired_payload_and_header ... ok
test native_journal_tests::page_budget_charges_the_cumulative_borrowed_prefix ... ok
test native_journal_tests::mixed_kind_paging_preserves_progress_and_exact_byte_cutoffs ... ok
test native_journal_tests::resource_snapshot_does_not_charge_payload_beyond_kind_boundary ... ok
test native_journal_tests::touched_reference_target_is_physically_admitted_before_row_decode ... ok
test native_journal_tests::touched_reference_edge_is_charged_before_validation_or_copy ... ok
test native_journal_tests::scalar_operations_and_append_do_not_decode_retained_entries ... ok
test native_journal_tests::touched_schema_is_physically_admitted_before_descriptor_decode ... ok
test native_work_tests::bulk_work_read_rejects_oversized_raw_record_before_decode ... ok
test native_journal_tests::work_only_publication_invalidates_an_earlier_joint_candidate ... ok
test native_journal_tests::unsigned_maximum_position_is_exact_and_overflow_is_rejected ... ok
test native_work::publication_tests::same_sized_record_change_is_rejected_without_foreign_context ... ok
test native_work::publication_tests::same_sized_root_change_is_rejected_without_foreign_context ... ok
test native_journal_tests::reference_ranges_do_not_charge_edges_beyond_the_resource_boundary ... ok
test native_work_tests::fresh_native_work_has_separate_bounded_header_and_keyed_tables ... ok
test native_journal_tests::maintenance_tests::candidate_maintenance_refuses_existing_destinations_and_interrupted_publication ... ok
test native_journal_tests::candidate_conversion_preserves_source_and_applies_only_restore_fencing ... ok
test native_work_tests::native_delta_rechecks_persisted_header_in_same_context ... ok
test native_work_tests::native_delta_cannot_cross_writer_contexts_even_without_changes ... ok
test native_journal_tests::maintenance_tests::candidate_migration_rebuilds_journal_and_preserves_source ... ok
test native_work_tests::operator_reconstruction_retains_configured_native_budget ... ok
test native_journal_tests::maintenance_tests::candidate_retention_rebuilds_journal_and_preserves_source ... ok
test native_work_tests::operator_snapshot_rejects_oversized_raw_work_before_decode ... ok
test native_work_tests::current_native_header_corruption_is_rejected_on_reopen ... ok
test native_work_tests::native_work_update_exposes_every_write_and_commit_boundary ... ok
test native_work_tests::format_nine_requires_explicit_source_preserving_upgrade ... ok
test native_journal_tests::complete_inventory_rejects_index_payload_and_scalar_disagreement ... ok
test native_work_tests::each_work_native_write_fault_rolls_back_but_lost_ack_retains_claim ... ok
test native_journal_tests::each_candidate_publication_checkpoint_rolls_back ... ok
test upgrade_tests::format_six_requires_upgrade_preserving_epochs_origins_and_source_bytes ... ok
test native_work_tests::retained_done_work_does_not_enter_native_candidate_scan ... ok

test result: ok. 45 passed; 0 failed; 2 ignored; 0 measured; 0 filtered out; finished in 3.58s

     Running unittests src/lib.rs (/var/tmp/rom-ui-integration-cargo-target/debug/deps/rom_sqlite-3b008a84011c2553)

running 88 tests
test index::encoding_tests::exact_numeric_and_text_boundaries ... ok
test index::encoding_tests::invalid_values_and_non_scalar_shapes_fail_closed ... ok
test index::encoding_tests::float_equality_matches_core_and_presence_is_distinct ... ok
test index::catalog_tests::registration_preserves_omitted_kinds_and_accepts_canonical_field_order ... ok
test index::catalog_tests::physical_entries_share_the_logical_record_budget ... ok
test index::catalog_tests::checkpoint_failure_rolls_back_keys_metadata_and_authoritative_row ... ok
test index::catalog_tests::rebuild_counts_native_text_and_preserves_the_complete_catalog ... ok
test index::catalog_tests::key_deltas_change_only_indexed_values_and_tombstones_still_count ... ok
test index::catalog_tests::validation_rejects_changed_index_collation_and_table_layout ... ok
test index::query_tests::native_absence_null_and_ranges_keep_distinct_semantics ... ok
test index::query_tests::observed_controls_keep_plan_fallback_execution_errors_and_stored_byte_scope ... ok
test index::query_tests::opaque_and_no_predicate_reads_use_reference_and_limits_admit_whole_kind ... ok
test index::query_tests::planner_failure_falls_back_but_selected_execution_failure_propagates ... ok
test index::catalog_tests::validation_rejects_missing_extra_wrong_membership_and_metadata ... ok
test index::query_tests::ranges_leave_other_predicates_residual_and_descriptor_must_match_catalog ... ok
test index::query_tests::real_index_returns_complete_candidates_and_exact_binding ... ok
test index::query_tests::native_unsigned_float_and_unicode_boundaries_are_exact ... ok
test index::query_tests::metadata_corruption_is_not_an_optional_planner_failure ... ok
test native_journal_maintenance_tests::candidate_both_maintenance_routes_refuse_existing_destination ... ok
test index::planner::tests::first_pass_selectivity_avoids_expanding_a_common_earlier_predicate ... ok
test native_journal_maintenance_tests::candidate_valid_padded_header_requires_larger_than_default_profile ... ignored, Requires root admission of <=1 GiB memory and bounded owned disk envelope
test native_journal_maintenance_tests::fixture_preserves_image_when_test_unwinds ... ok
test index::planner::tests::duplicate_predicates_do_not_consume_the_bounded_selection_slots ... ok
test index::planner::tests::conjunction_order_does_not_hide_the_eight_row_candidate ... ok
test index::planner::tests::empty_candidate_stops_probing_and_opaque_reads_do_not_probe ... ok
test native_journal_tests::candidate_backup_refuses_false_current_format_publication ... ok
test native_journal_tests::candidate_combined_read_facts_and_context_are_revalidated ... ok
test index::planner::tests::more_than_four_distinct_predicates_use_the_documented_bounded_prefix ... ok
test index::planner::tests::unknown_physical_index_layout_disables_optional_probes ... ok
test native_journal_tests::candidate_full_inventory_admission_precedes_any_json_decode ... ok
test index::planner::tests::broad_skew_and_ranges_choose_reference_after_whole_kind_admission ... ok
test index::planner::tests::probes_distinguish_exact_counts_saturation_and_reference_control ... ok
test native_journal_tests::candidate_maintenance_rejects_nonunique_identity_index ... ok
test native_journal_tests::candidate_old_query_key_is_bounded_before_allocation ... ok
test native_journal_tests::candidate_orphan_incoming_event_identity_is_corruption_before_publication ... ok
test native_journal_tests::candidate_layout_has_keyed_journal_and_keeps_public_current_layout ... ok
test index::planner::tests::saturated_probe_does_not_truncate_forced_native_materialization ... ok
test native_journal_tests::candidate_point_reads_enforce_configured_physical_budget_before_decode ... ok
test native_journal_tests::candidate_point_commit_does_not_decode_untouched_journal_history ... ok
test native_journal_tests::candidate_operator_control_preserves_keyed_layout_and_journal ... ok
test native_journal_tests::candidate_public_load_and_receipt_are_bounded_before_decode ... ok
test native_journal_tests::candidate_full_projection_preserves_canonical_fields ... ok
test native_journal_tests::candidate_query_counter_payload_is_bounded_before_decode ... ok
test native_journal_tests::candidate_previous_reference_edges_are_bounded_before_allocation ... ok
test native_journal_tests::candidate_query_counters_consume_one_physical_record ... ok
test native_journal_tests::candidate_reader_budget_is_cumulative_across_both_traits ... ok
test native_journal_tests::genuine_format10_candidate_conversion_preserves_explicit_restore_transition ... ignored, Requires the preserved genuine current-format10 fixture
test native_journal_tests::candidate_resource_commit_and_replay_use_keyed_journal ... ok
test native_journal_tests::candidate_touched_descriptor_is_bounded_before_decode ... ok
test native_journal_tests::candidate_retired_payload_read_fact_is_not_a_cached_snapshot ... ok
test native_journal_tests::candidate_unsigned_positions_and_constraints_preserve_full_range ... ok
test native_journal_tests::candidate_work_publication_invalidates_combined_delta ... ok
test native_journal_tests::candidate_touched_receipt_and_resource_are_bounded_before_decode ... ok
test native_work_tests::native_layout_separates_retained_work_from_metadata ... ok
test native_journal_tests::candidate_retention_and_cursor_match_the_canonical_oracle ... ok
test native_journal_maintenance_tests::candidate_aggregate_malformed_inventory_is_rejected_before_callbacks ... ok
test native_work_tests::configured_native_budget_applies_to_operator_and_bulk_work_reads ... ok
test native_work_tests::native_raw_whitespace_is_bounded_before_canonical_normalization ... ok
test native_work_tests::operator_snapshot_rejects_oversized_raw_work_before_decode ... ok
test native_work_tests::prepared_delta_cannot_cross_native_reader_contexts ... ok
test native_work_tests::prepared_native_delta_rechecks_the_persisted_header ... ok
test native_work_tests::readonly_record_preconditions_survive_an_unchanged_native_delta ... ok
test publication_observation_tests::metadata_bytes_accumulate_the_actual_growing_journal_values ... ok
test publication_observation_tests::publication_bytes_match_real_persisted_strings_and_work_updates ... ok
test native_work_tests::native_canonical_reconstruction_rejects_corrupt_derived_projections ... ok
test publication_observation_tests::rejected_sql_statement_is_not_a_successful_publication_sample ... ok
test stage_observation::counter_tests::disabled_timer_has_no_clock_sample_or_aggregate ... ok
test stage_observation::counter_tests::overflow_drops_complete_samples_without_wrapping_or_growing_labels ... ok
test native_work_tests::every_native_work_write_rolls_back_or_recovers_unknown_acknowledgement ... ok
test stage_observation::counter_tests::poisoned_observation_recovers_and_does_not_reject_a_real_commit ... ok
test stage_observation::publication_counter_tests::publication_overflow_drops_whole_samples_and_keeps_fixed_capacity ... ok
test stage_observation::publication_counter_tests::poisoned_publication_recorder_recovers_during_real_sql_publication ... ok
test stage_observation_tests::rejected_shared_work_preparation_is_counted_without_publication_or_commit ... ok
test publication_observation_tests::publications_include_rolled_back_sql_and_unknown_ack_but_not_replay ... ok
test stage_observation_tests::stages_count_real_success_rollback_replay_and_lost_ack_without_changing_results ... ok
test native_journal_tests::candidate_rolls_back_every_publication_boundary_and_replays_unknown_ack ... ok
test native_work_tests::operator_snapshot_preserves_logical_record_and_byte_bounds ... ok
test index::planner::tests::medium_selectivity_above_128_matches_can_still_choose_native ... ok
test index::planner::tests::expanded_probe_shrinks_against_an_exact_candidate_and_keeps_total_work_bounded ... ok
test native_work_tests::retained_done_history_is_not_examined_by_native_claim ... ok
test native_journal_maintenance_tests::candidate_offline_migration_rebuilds_native_positions ... ok
test native_journal_maintenance_tests::candidate_maintenance_failures_preserve_source_and_fresh_destination ... ok
test native_journal_maintenance_tests::candidate_offline_retention_rebuilds_native_positions ... ok
test native_work_tests::canonical_backup_restore_preserves_retained_history_and_fences_claims ... ok
test native_work_tests::resource_bundle_work_writes_are_atomic_and_unknown_ack_replays ... ok
test native_work_tests::accepted_format_nine_upgrade_is_fresh_and_source_preserving ... ok
test native_work_tests::native_reopen_validates_inventory_and_every_stored_projection ... ok
test native_journal_maintenance_tests::candidate_maintenance_and_format10_conversion_preserve_committed_wal ... ok

test result: ok. 86 passed; 0 failed; 2 ignored; 0 measured; 0 filtered out; finished in 3.89s

     Running tests/query_observation.rs (/var/tmp/rom-ui-integration-cargo-target/debug/deps/query_observation-d903d5765bef9108)

running 2 tests
test observed_modes_share_real_reads_and_count_materialization ... ok
test forcing_changes_only_cost_and_keeps_capability_and_admission ... ok

test result: ok. 2 passed; 0 failed; 0 ignored; 0 measured; 0 filtered out; finished in 0.21s

     Running tests/backup.rs (/var/tmp/rom-ui-integration-cargo-target/debug/deps/backup-cb27678ddc470d50)

running 10 tests
test archive_rejects_noncanonical_descriptors_before_publication ... ok
test startup_record_budget_includes_durable_pending_work ... ok
test writer_rejects_inconsistent_logical_tables ... ok
test rejects_overwrite_wrong_backend_corruption_and_bounds_without_publication ... ok
test reopening_rejects_missing_reference_index_entries_without_repair ... ok
test archived_limits_and_retention_survive_restore ... ok
test backup_restore_preserves_restrict_edges_and_rejects_missing_edges ... ok
test full_snapshot_recovers_receipts_protected_values_work_and_fences_old_owners ... ok
test concurrent_writer_snapshots_are_complete_bundles ... ok
test reference_replacement_rolls_back_each_write_and_resolves_lost_ack ... ok

test result: ok. 10 passed; 0 failed; 0 ignored; 0 measured; 0 filtered out; finished in 4.10s

     Running tests/channels.rs (/var/tmp/rom-ui-integration-cargo-target/debug/deps/channels-1884192558dc21f0)

running 19 tests
test stale_external_ack_cannot_finish_new_claim ... ok
test notification_format_rejects_older_marker_without_migrating ... ok
test redb_notification_format_rejects_older_marker_without_migrating ... ok
test status_reports_terminal_failure_without_error_payload ... ok
test cancelled_observer_cannot_orphan_delivery_and_shutdown_drains ... ok
test status_distinguishes_ready_draining_and_fully_stopped ... ok
test ordinary_action_records_typed_notification_atomically_without_sending ... ok
test revoked_channel_service_never_sees_payload ... ok
test shared_worker_invokes_typed_function_and_records_acceptance ... ok
test differently_typed_functions_share_one_worker ... ok
test registration_changes_stop_old_work_instead_of_reinterpreting_payload ... ok
test unresolved_last_attempt_reopens_as_unknown_terminal_work ... ok
test native_commit_failure_never_detaches_notification_from_resource ... ok
test channel_requires_current_and_historical_source_field_permission ... ok
test timeout_is_uncertain_and_panics_are_inspectable ... ok
test unknown_channel_version_and_payload_reject_upstream_commit ... ok
test effect_then_lost_ack_reopens_with_stable_key_and_receiver_owned_dedup ... ok
test drained_work_releases_its_database_handle_before_reopen ... ok
test retry_and_permanent_outcomes_are_durable_and_bounded ... ok

test result: ok. 19 passed; 0 failed; 0 ignored; 0 measured; 0 filtered out; finished in 1.98s

     Running tests/conformance.rs (/var/tmp/rom-ui-integration-cargo-target/debug/deps/conformance-6d3b4a5b7109e060)

running 5 tests
test sqlite_rejects_future_format_before_schema_writes ... ok
test sqlite_rejects_unversioned_view_only_database ... ok
test sqlite_rejects_unversioned_user_table_with_internal_like_prefix ... ok
test redb_atomic_bundle_available_through_storage ... ok
test redb_rejects_unversioned_multimap_only_database ... ok

test result: ok. 5 passed; 0 failed; 0 ignored; 0 measured; 0 filtered out; finished in 0.12s

     Running tests/delayed_channels.rs (/var/tmp/rom-ui-integration-cargo-target/debug/deps/delayed_channels-6603c41d0888476f)

running 4 tests
test delayed_commit_replay_restart_and_timing_mismatch_on_both_adapters ... ok
test delayed_delivery_rechecks_authority_and_channel_version_at_eligibility ... ok
test existing_worker_resumes_after_restart_without_application_scheduler ... ok
test archive_restore_keeps_delayed_floor_and_unknown_reconciliation_on_both_adapters ... ok

test result: ok. 4 passed; 0 failed; 0 ignored; 0 measured; 0 filtered out; finished in 1.38s

     Running tests/delayed_upgrade.rs (/var/tmp/rom-ui-integration-cargo-target/debug/deps/delayed_upgrade-dce0ace83b58540e)

running 2 tests
test populated_format_eight_upgrade_preserves_source_receipts_work_and_operator_history ... ok
test format_eight_cannot_smuggle_new_pending_or_intent_timing ... ok

test result: ok. 2 passed; 0 failed; 0 ignored; 0 measured; 0 filtered out; finished in 1.47s

     Running tests/derive_presentation.rs (/var/tmp/rom-ui-integration-cargo-target/debug/deps/derive_presentation-0239fa9ddd214a2d)

running 4 tests
test aliased_title_shape_remains_a_registration_error ... ok
test custom_title_semantics_reject_derived_and_manual_registration ... ok
test renamed_derived_hints_follow_authorized_fields_and_preserve_codec ... ok
test absent_presentation_preserves_default_and_builder_override_is_validated ... ok

test result: ok. 4 passed; 0 failed; 0 ignored; 0 measured; 0 filtered out; finished in 0.01s

     Running tests/diagnostics.rs (/var/tmp/rom-ui-integration-cargo-target/debug/deps/diagnostics-fc83f3dde72a37bc)

running 14 tests
test characterize_diagnostics_command_overhead ... ignored, bounded diagnostic overhead characterization
test invalid_capacity_or_missing_host_session_is_rejected_before_intake ... ok
test unregistered_resource_failure_is_not_an_authorization_failure ... ok
test stale_revision_is_validation_conflict_after_successful_receipt_lookup ... ok
test unauthorized_receipt_disclosure_emits_category_without_private_data ... ok
test cancelled_caller_retains_owned_action_and_true_terminal_diagnostics ... ok
test full_or_closed_diagnostics_preserves_commit_and_bounded_shutdown ... ok
test cancelled_shutdown_waiter_preserves_status_and_observed_terminal_boundary ... ok
test unknown_commit_reopen_resolves_same_receipt_without_another_event ... ok
test host_session_changes_preserve_causal_links_and_key_rotation_changes_them ... ok
test unknown_external_attempt_is_held_without_success_or_resend_after_reopen ... ok
test failed_storage_and_receipt_reads_keep_their_actual_phase ... ok
test sleeping_and_panicked_host_exporters_do_not_own_runtime_shutdown ... ok
test root_child_and_external_attempt_keep_correlation_after_reopen ... ok

test result: ok. 13 passed; 0 failed; 1 ignored; 0 measured; 0 filtered out; finished in 0.80s

     Running tests/journal_head.rs (/var/tmp/rom-ui-integration-cargo-target/debug/deps/journal_head-f99825688a86af12)

running 1 test
test explicit_head_survives_reopen_and_allows_recovery_after_retention_gap ... ok

test result: ok. 1 passed; 0 failed; 0 ignored; 0 measured; 0 filtered out; finished in 0.16s

     Running tests/ledger_capacity.rs (/var/tmp/rom-ui-integration-cargo-target/debug/deps/ledger_capacity-d18599c6a8ac0854)

running 7 tests
test rejected_materialization_leaves_capacity_to_finish_parent ... ok
test accepted_work_can_claim_retry_and_stop_at_the_smallest_byte_budget ... ok
test resolution_lease_maximum_timestamp_width_fits_reservation ... ok
test restored_generation_growth_and_exhaustion_fit_at_capacity ... ok
test legacy_insufficient_headroom_is_explicitly_unsupported_without_mutation ... ok
test admitted_materialized_children_keep_their_lifecycle_reservation ... ok
test every_delivery_outcome_and_stop_reason_fit_reserved_capacity ... ok

test result: ok. 7 passed; 0 failed; 0 ignored; 0 measured; 0 filtered out; finished in 0.27s

     Running tests/migration_runtime.rs (/var/tmp/rom-ui-integration-cargo-target/debug/deps/migration_runtime-aaf82d78cd72f77d)

running 2 tests
test migrated_tombstone_keeps_current_policy_context_and_delete_replay ... ok
test migrated_runtime_replays_old_input_and_resumes_both_reaction_phases ... ok

test result: ok. 2 passed; 0 failed; 0 ignored; 0 measured; 0 filtered out; finished in 1.19s

     Running tests/native_profile.rs (/var/tmp/rom-ui-integration-cargo-target/debug/deps/native_profile-2eeda7d8f74b9b58)

running 2 tests
test sqlite_native_engine_matches_selected_build_profile ... ok
test native_extension_manifest_matches_compiled_contract_and_fresh_archive ... ok

test result: ok. 2 passed; 0 failed; 0 ignored; 0 measured; 0 filtered out; finished in 0.02s

     Running tests/operator.rs (/var/tmp/rom-ui-integration-cargo-target/debug/deps/operator-28f419998518e0b2)

running 6 tests
test process::operator_owner_child ... ok

running 1 test
test native_control_cas_and_exact_replay_preserve_domain_state_and_budgets ... ok
test persisted_control_receipt_survives_reopen_and_snapshot_bounds_are_exact ... ok

running 1 test
test concurrent_controls_arbitrate_version_or_replay_the_same_identity ... ok

running 1 test

running 1 test
test native_control_failures_do_not_split_work_and_receipt_publication ... ok
test process::owner_exit_preserves_exactly_the_committed_operator_transition ... ok

test result: ok. 6 passed; 0 failed; 0 ignored; 0 measured; 0 filtered out; finished in 1.91s

     Running tests/operator_reconciliation.rs (/var/tmp/rom-ui-integration-cargo-target/debug/deps/operator_reconciliation-0b15acd9e6b0de77)

running 19 tests
test recovery::delivery_owner_child ... ok

running 1 test
test verification::active_lease_is_rejected_before_external_verification ... ok
test recovery::absent_verifier_reports_unavailable_without_releasing_a_hold ... ok

running 1 test
test races::stale_work_version_after_verification_cannot_publish_a_second_receipt ... ok
test races::caller_cancellation_retains_verifier_capacity_until_commit_and_replay ... ok
test verification::unresolved_eventual_lookup_miss_cannot_grant_resend_before_later_acceptance ... ok
test races::concurrent_exact_request_replays_the_receipt_before_rechecking_stale_cas ... ok
test races::verifier_wait_holds_neither_core_commit_gate_nor_native_transaction ... ok
test recovery::expired_started_claim_holds_after_clean_reopen_and_late_finish_is_fenced ... ok
test verification::zero_and_unrepresentable_verification_timeouts_are_invalid_registrations ... ok
test recovery::held_state_and_accepted_receipt_survive_clean_native_reopen ... ok
test recovery::actual_process_exit_after_delivery_start_cannot_trigger_unsafe_resend ... ok
test verification::terminal_not_accepted_cannot_reset_exhausted_attempts_or_root_budget ... ok
test recovery::changed_registration_cannot_reinterpret_pending_or_held_profile ... ok
test verification::accepted_and_terminal_not_accepted_commit_once_without_a_provider_send ... ok
test races::current_operator_actor_and_service_revocation_are_rechecked_after_verification ... ok
test verification::unresolved_timeout_panic_and_malformed_evidence_preserve_the_full_hold ... ok
test profiles::confirmed_delivery_outcomes_remain_terminal_or_retryable_for_every_profile ... ok
test profiles::all_declared_profiles_preserve_their_uncertain_delivery_policy ... ok

test result: ok. 19 passed; 0 failed; 0 ignored; 0 measured; 0 filtered out; finished in 2.77s

     Running tests/operator_runtime.rs (/var/tmp/rom-ui-integration-cargo-target/debug/deps/operator_runtime-f51f141a330b6cdd)

running 19 tests
test default_operator_policy_denies_views_and_controls_without_disclosing_existence ... ok
test authoritative_gate_revocation_denies_saved_receipts_without_callback_text ... ok
test committed_retry_stopped_is_unknown_and_exact_replay_recovers ... ok
test committed_retry_unresolved_is_unknown_and_exact_replay_recovers ... ok
test cancelled_control_keeps_supervision_and_capacity_until_accepted_commit_finishes ... ok
test exact_control_replay_rechecks_current_operator_and_actor_authority ... ok
test accepted_receipt_remains_replayable_after_target_retirement_with_current_scope_authority ... ok
test moving_page_rechecks_scope_permission_after_anchor_revocation ... ok
test post_commit_wrong_target_response_is_unknown_and_exact_replay_uses_saved_receipt ... ok
test inspect_and_control_permissions_are_independent_and_views_are_redacted ... ok
test moving_page_continues_after_anchor_is_absent_from_current_snapshot ... ok
test committed_retry_completed_is_unknown_and_exact_replay_recovers ... ok
test raw_snapshot_bounds_and_generation_are_checked_before_projection ... ok
test authorized_pages_use_visible_limits_and_cursors_bind_filters ... ok
test unsupported_adapter_does_not_advertise_operator_permissions ... ok
test response_limits_refuse_new_controls_before_commit_and_preserve_unknown_for_committed_replays ... ok
test concurrent_runtime_controls_arbitrate_stale_views_and_exact_identities ... ok
test resolution::committed_unacknowledged_action_reconciles_without_domain_writes ... ok
test resolution::same_identity_wrong_fingerprint_or_target_cannot_confirm_frozen_action ... ok

test result: ok. 19 passed; 0 failed; 0 ignored; 0 measured; 0 filtered out; finished in 0.72s

     Running tests/ownership.rs (/var/tmp/rom-ui-integration-cargo-target/debug/deps/ownership-a17af85eb069e2be)

running 13 tests
test offline_recovery::maintenance_cwd_child ... ok
test process::native_owner_child ... ok

running 1 test

running 1 test

running 1 test
test sqlite_memory_sentinel_keeps_stores_independent ... ok
test sqlite_uri_input_is_explicitly_unsupported_instead_of_reinterpreted ... ok
test hardlinked_database_is_rejected_before_native_open ... ok

running 1 test
test native_duplicate_open_conflicts_until_final_adapter_drop ... ok
test symlink_alias_cannot_create_a_second_native_owner ... ok
test maintenance::maintenance_rejects_a_live_source_before_conversion ... ok
test offline_recovery::sqlite_offline_rebuild_after_sigkill_preserves_committed_source_wal ... ok
test maintenance::conversion_holds_both_reservations_and_failure_releases_them ... ok
test process::native_owner_process_exit_releases_lock_and_recovers_committed_data ... ok
test maintenance::publication_retains_reservations_and_returns_a_single_link_destination ... ok
test offline_recovery::maintenance_cwd_child ... ok

test result: ok. 1 passed; 0 failed; 0 ignored; 0 measured; 12 filtered out; finished in 0.59s

test offline_recovery::callback_cwd_change_keeps_native_maintenance_paths_canonical ... ok

test result: ok. 13 passed; 0 failed; 0 ignored; 0 measured; 0 filtered out; finished in 0.59s

     Running tests/predecessor_writer.rs (/var/tmp/rom-ui-integration-cargo-target/debug/deps/predecessor_writer-6f4280fb4d6da0c2)

running 1 test
test accepted_release_writer_native_and_archive_upgrade_preserve_data_and_fence_claims ... ignored, release trial requires separately witnessed accepted 0.0.3 writer output; run explicitly with ROM_PREDECESSOR_EVIDENCE

test result: ok. 0 passed; 0 failed; 1 ignored; 0 measured; 0 filtered out; finished in 0.00s

     Running tests/presentation_discovery.rs (/var/tmp/rom-ui-integration-cargo-target/debug/deps/presentation_discovery-f02ec5731caaee79)

running 2 tests
test invalid_presentation_rejects_registration_without_changing_schema ... ok
test discovers_only_authorized_presentation_and_uses_exact_budget ... ok

test result: ok. 2 passed; 0 failed; 0 ignored; 0 measured; 0 filtered out; finished in 0.01s

     Running tests/query_planning.rs (/var/tmp/rom-ui-integration-cargo-target/debug/deps/query_planning-df81c5f8ba224f11)

running 9 tests
test sorted_field_denial_precedes_predicates_anchor_and_page_limit ... ok
test id_page_short_circuit_does_not_evaluate_later_opaque_policy ... ok
test shared_sort_authority_is_checked_on_empty_and_hidden_values ... ok
test opaque_row_policy_runs_before_a_nonmatching_predicate_can_skip_the_row ... ok
test shared_null_missing_ranges_and_both_sort_directions ... ok
test shared_exact_ranges_multisort_typed_wire_live_and_moving_anchor ... ok
test shared_default_sort_deny_and_small_page_does_not_bypass_snapshot_bound ... ok
test shared_anchor_binding_shape_bounds_and_dynamic_roundtrip ... ok
test shared_float_custom_codec_signed_extremes_and_structural_equality ... ok

test result: ok. 9 passed; 0 failed; 0 ignored; 0 measured; 0 filtered out; finished in 0.43s

     Running tests/query_read.rs (/var/tmp/rom-ui-integration-cargo-target/debug/deps/query_read-7a1924e9512f3ea7)

running 11 tests
test explicit_denial_precedes_empty_or_overbound_storage_reads ... ok
test read_grant_runs_once_after_query_validation_and_disclosure_rechecks_authority ... ok
test normalized_predicates_reach_storage_and_returned_rows_still_decode ... ok
test native_candidates_cannot_bypass_whole_kind_admission_with_a_small_page ... ok
test reference_and_complete_candidates_share_typed_projected_and_live_results ... ok
test excluded_decoder_is_skipped_only_under_explicit_uniform_contract ... ok
test builder_overrides_keep_opaque_selection_and_field_preflight ... ok
test malformed_native_responses_and_execution_failures_never_fall_back ... ok
test actual_native_candidates_still_require_current_disclosure_authority ... ok
test actual_native_index_skips_excluded_decoder_only_with_uniform_authority ... ok
test actual_native_storage_preserves_denial_before_limits_and_opaque_field_preflight ... ok

test result: ok. 11 passed; 0 failed; 0 ignored; 0 measured; 0 filtered out; finished in 3.96s

     Running tests/reactions.rs (/var/tmp/rom-ui-integration-cargo-target/debug/deps/reactions-d10b91906f0dcce9)

running 5 tests
test finite_work_budget_allows_receipt_resolution_but_no_new_execution ... ok
test persisted_work_lease_and_input_are_fenced ... ok
test saturated_work_rejects_entire_upstream_bundle ... ok
test native_commit_reopen_and_journal_retention ... ok
test native_precommit_failure_and_postcommit_loss_keep_obligations_atomic ... ok

test result: ok. 5 passed; 0 failed; 0 ignored; 0 measured; 0 filtered out; finished in 0.36s

     Running tests/receipt_versions.rs (/var/tmp/rom-ui-integration-cargo-target/debug/deps/receipt_versions-fad364a0b98ac209)

running 3 tests
test matching_receipt_replay_precedes_candidate_version_validation ... ok
test unmarked_receipt_uses_the_registered_version ... ok
test new_receipt_requires_the_registered_version_without_partial_writes ... ok

test result: ok. 3 passed; 0 failed; 0 ignored; 0 measured; 0 filtered out; finished in 0.32s

     Running tests/references.rs (/var/tmp/rom-ui-integration-cargo-target/debug/deps/references-ea03e0e0b2d74f84)

running 25 tests
test redb::competing_runtime_owner_is_rejected ... ok
test sqlite::competing_runtime_owner_is_rejected ... ok
test redb::incoming_source_restricts_deletion ... ok
test redb::missing_direct_target_conflicts_without_a_receipt ... ok
test redb::competing_adapter_create_delete_cannot_commit_dangling_reference ... ok
test sqlite::competing_adapter_create_delete_cannot_commit_dangling_reference ... ok
test sqlite::incoming_source_restricts_deletion ... ok
test redb::missing_list_target_conflicts_without_a_receipt ... ok
test redb::missing_map_target_conflicts_without_a_receipt ... ok
test redb::own_reference_does_not_prevent_deletion ... ok
test redb::missing_nullable_target_conflicts_without_a_receipt ... ok
test redb::source_deletion_releases_target ... ok
test redb::old_receipt_replay_after_unlink_does_not_add_an_edge ... ok
test redb::clearing_nullable_list_and_map_links_allows_deletion ... ok
test redb::omitted_kind_and_changed_schema_preserve_persisted_integrity ... ok
test sqlite::missing_direct_target_conflicts_without_a_receipt ... ok
test sqlite::clearing_nullable_list_and_map_links_allows_deletion ... ok
test sqlite::missing_list_target_conflicts_without_a_receipt ... ok
test sqlite::missing_map_target_conflicts_without_a_receipt ... ok
test sqlite::missing_nullable_target_conflicts_without_a_receipt ... ok
test sqlite::own_reference_does_not_prevent_deletion ... ok
test sqlite::source_deletion_releases_target ... ok
test sqlite::omitted_kind_and_changed_schema_preserve_persisted_integrity ... ok
test sqlite::old_receipt_replay_after_unlink_does_not_add_an_edge ... ok
test sqlite_writes_only_changed_reference_edges ... ok

test result: ok. 25 passed; 0 failed; 0 ignored; 0 measured; 0 filtered out; finished in 0.35s

     Running tests/retention.rs (/var/tmp/rom-ui-integration-cargo-target/debug/deps/retention-bf47ebd330eace26)

running 8 tests
test retention_child_exits_before_publication ... ignored, subprocess fixture invoked by retention_interruption_before_publication_is_retryable
test purged_tombstone_can_be_recreated_without_reviving_expired_requests ... ok
test retention_reclaims_bounded_receipt_and_effect_capacity ... ok
test sealed_epoch_allows_replay_and_only_exact_causal_claim_for_fresh_work ... ok
test retention_interruption_before_publication_is_retryable ... ok
test legacy_native_format_cannot_import_nonzero_retry_epochs ... ok
test retention_expires_even_retained_anchors_and_survives_reopen_backup ... ok
test current_format_migration_preserves_nonzero_epochs_receipts_and_work ... ok

test result: ok. 7 passed; 0 failed; 1 ignored; 0 measured; 0 filtered out; finished in 3.33s

     Running tests/retry_epochs.rs (/var/tmp/rom-ui-integration-cargo-target/debug/deps/retry_epochs-5fb1f2ad53f14bbb)

running 2 tests
test trusted_fence_rejects_an_older_restored_backup ... ok
test sealed_epoch_drains_nonzero_root_actions_and_notifications_without_fresh_admission ... ok

test result: ok. 2 passed; 0 failed; 0 ignored; 0 measured; 0 filtered out; finished in 0.78s

     Running tests/runtime_predecessor_writer.rs (/var/tmp/rom-ui-integration-cargo-target/debug/deps/runtime_predecessor_writer-a11a472c7090d2e9)

running 1 test
test actual_predecessor_runtime_custom_codec_receipts_replay_without_duplicate_effects ... ignored, requires witnessed accepted 0.0.3 Runtime output; run with ROM_RUNTIME_PREDECESSOR_EVIDENCE

test result: ok. 0 passed; 0 failed; 1 ignored; 0 measured; 0 filtered out; finished in 0.00s

     Running tests/runtime_reactions.rs (/var/tmp/rom-ui-integration-cargo-target/debug/deps/runtime_reactions-b6e18566aa460c11)

running 9 tests
test runtime_worker_is_single_and_shutdown_joins_lifetime ... ok
test cancelled_batch_is_drained_and_materialized_work_survives_shutdown ... ok
test revoked_service_stops_without_touching_target ... ok
test actual_adapter_two_resource_chain_call_counts ... ok
test lost_target_ack_is_done_atomically_and_restart_does_not_repeat ... ok
test downstream_failure_preserves_upstream_then_restarts_and_retries_once ... ok
test revisiting_same_resource_can_converge ... ok
test mapper_requires_all_historical_and_current_source_fields ... ok
test noops_dependencies_and_oscillations_are_bounded ... ok

test result: ok. 9 passed; 0 failed; 0 ignored; 0 measured; 0 filtered out; finished in 0.88s

     Running tests/schema_migration.rs (/var/tmp/rom-ui-integration-cargo-target/debug/deps/schema_migration-8169dd483a30eef3)

running 7 tests
test migration_child_exits_before_publication ... ignored, subprocess fixture invoked by native_schema_migration_interruption_is_retryable
test sqlite_format_seven_upgrade_validates_derived_index_records ... ok
test native_schema_migration_interruption_is_retryable ... ok
test native_schema_migration_preserves_history_references_work_and_backup ... ok
test format_four_upgrade_requires_exact_valid_catalog ... ok
test rejected_migration_never_publishes_or_modifies_source ... ok
test legacy_catalogued_formats_require_explicit_upgrade_or_migration_without_source_writes ... ok

test result: ok. 6 passed; 0 failed; 1 ignored; 0 measured; 0 filtered out; finished in 3.16s

     Running tests/semantic_resources.rs (/var/tmp/rom-ui-integration-cargo-target/debug/deps/semantic_resources-be06db2baf7019a6)

running 1 test
test semantic_create_patch_action_authority_and_restart_on_both_databases ... ok

test result: ok. 1 passed; 0 failed; 0 ignored; 0 measured; 0 filtered out; finished in 0.33s

     Running tests/shared.rs (/var/tmp/rom-ui-integration-cargo-target/debug/deps/shared-0d10494c71ec5f03)

running 15 tests
test crash_child ... ignored, subprocess fixture invoked by shared_actual_subprocess_exit_at_every_write_and_commit_boundary
test redb_unknown_format_rejected_without_application_table_writes ... ok
test shared_missing_format_marker_on_nonempty_database_is_not_implicitly_migrated ... ok
test shared_legacy_tombstones_without_policy_context_fail_closed ... ok
test shared_delete_tombstone_and_invalid_revision_preserve_contract ... ok
test shared_bounded_snapshot_exact_limit_overflow_and_kind_isolation ... ok
test shared_same_identity_race_returns_one_receipt ... ok
test shared_revision_race_arbitrates_one_transition ... ok
test shared_lost_commit_acknowledgement_reopen_resolves_original_identity ... ok
test shared_open_rejects_oversized_encoded_row_before_deserializing ... ok
test shared_deleted_history_retains_private_authorization_across_restart ... ok
test shared_core_typed_actions_work_without_application_repositories ... ok
test shared_atomic_bundle_and_noop_identity_validation ... ok
test shared_rollback_after_every_write_and_before_commit ... ok
test shared_actual_subprocess_exit_at_every_write_and_commit_boundary ... ok

test result: ok. 14 passed; 0 failed; 1 ignored; 0 measured; 0 filtered out; finished in 3.08s

     Running tests/sqlite_index_recovery.rs (/var/tmp/rom-ui-integration-cargo-target/debug/deps/sqlite_index_recovery-8bcdcb23eb506ae5)

running 6 tests
test child_exits_after_index_validation_before_publication ... ignored, invoked by the process-exit parent
test rebuilding_derived_data_cannot_repair_missing_authoritative_receipt_proof ... ok
test logical_archive_fits_but_combined_native_index_budget_blocks_publication ... ok
test omitted_catalog_kinds_survive_registration_and_index_rebuild ... ok
test noncanonical_text_is_charged_then_decremented_and_rebuild_uses_destination_bytes ... ok
test process_exit_leaves_source_unchanged_and_no_published_index_rebuild ... ok

test result: ok. 5 passed; 0 failed; 1 ignored; 0 measured; 0 filtered out; finished in 0.44s

     Running tests/sqlite_offline_read.rs (/var/tmp/rom-ui-integration-cargo-target/debug/deps/sqlite_offline_read-f520ab937797bffb)

running 6 tests
test sqlite_wal_child ... ignored, invoked by parent to retain committed WAL without finalizers
test missing_source_never_creates_source_or_destination ... ok

running 1 test
test rollback_journal_requires_recovery_without_changing_source ... ok
test non_utf8_clean_source_path_is_preserved ... ok
test symlink_to_offline_dirty_source_reads_committed_wal ... ok
test clean_source_stays_identical_after_success_and_rejected_conversion ... ok

test result: ok. 5 passed; 0 failed; 1 ignored; 0 measured; 0 filtered out; finished in 0.32s

     Running tests/sqlite_query_index.rs (/var/tmp/rom-ui-integration-cargo-target/debug/deps/sqlite_query_index-b22b19124e5f9ae3)

running 4 tests
test native_commit_replay_rollback_delete_and_reopen_are_coherent ... ok
test format_six_upgrade_preserves_retry_epochs_and_does_not_rebind_receipt_origins ... ok
test backup_restore_and_explicit_rebuild_preserve_logical_data_and_fence_indexes ... ok
test native_and_reference_resources_keep_same_residual_order_and_live_results ... ok

test result: ok. 4 passed; 0 failed; 0 ignored; 0 measured; 0 filtered out; finished in 2.72s

     Running tests/studio_discovery.rs (/var/tmp/rom-ui-integration-cargo-target/debug/deps/studio_discovery-e90de8db88429066)

running 3 tests
test invalid_input_metadata_and_unregistered_targets_fail_before_runtime ... ok
test enabling_presentation_metadata_does_not_change_native_catalog_or_values ... ok
test authorized_metadata_preserves_codec_bindings_and_hides_nested_targets ... ok

test result: ok. 3 passed; 0 failed; 0 ignored; 0 measured; 0 filtered out; finished in 0.20s

     Running tests/studio_resilience.rs (/var/tmp/rom-ui-integration-cargo-target/debug/deps/studio_resilience-d9abfac87b1fe1a3)

running 5 tests
test studio_resilience::query::query_policy_child ... ok

running 1 test
test studio_resilience::migration::seeded_strict_hold_and_operator_receipt_survive_native_migration_and_replay ... ok
test studio_resilience::migration::native_maintenance_requires_closed_owner_then_fresh_identity_and_current_replay ... ok
test studio_resilience::query::query_policy_child ... ok

test result: ok. 1 passed; 0 failed; 0 ignored; 0 measured; 4 filtered out; finished in 2.01s


running 1 test
test studio_resilience::authority::managed_identity_change_denies_accepted_proposal_and_all_subsequent_disclosure ... ok
test studio_resilience::query::query_policy_child ... ok

test result: ok. 1 passed; 0 failed; 0 ignored; 0 measured; 4 filtered out; finished in 2.15s


running 1 test
test studio_resilience::query::query_policy_child ... ok

test result: ok. 1 passed; 0 failed; 0 ignored; 0 measured; 4 filtered out; finished in 1.33s


running 1 test
test studio_resilience::query::query_policy_child ... ok

test result: ok. 1 passed; 0 failed; 0 ignored; 0 measured; 4 filtered out; finished in 1.58s

test studio_resilience::query::reentrant_native_storage_policy_completes_on_reference_and_eligible_query_paths ... ok

test result: ok. 5 passed; 0 failed; 0 ignored; 0 measured; 0 filtered out; finished in 7.10s

     Running tests/transitions.rs (/var/tmp/rom-ui-integration-cargo-target/debug/deps/transitions-2eb45e5c43052fbf)

running 6 tests
test every_mutation_path_validates_and_rejection_is_atomic ... ok
test transition_sees_normalized_previous_and_candidate_values ... ok
test validator_panic_does_not_poison_commit_gate_and_cannot_grant_authority ... ok
test receipts_do_not_revalidate_obsolete_transitions_but_authority_still_applies ... ok
test captured_validation_preserves_atomic_failures_and_authorized_replay ... ok
test captured_catalogs_are_isolated_between_real_runtimes ... ok

test result: ok. 6 passed; 0 failed; 0 ignored; 0 measured; 0 filtered out; finished in 1.32s

     Running tests/upgrade.rs (/var/tmp/rom-ui-integration-cargo-target/debug/deps/upgrade-5a0eeedcf9c988ac)

running 10 tests
test legacy_redb_child_exits_with_writable_handle ... ignored, actual process fixture for a dirty legacy redb header
test upgrade_child_exits_before_publication ... ignored, actual child-process fixture used by native_upgrade_interruption_before_publication_is_retryable
test native_upgrade_refuses_existing_destination_and_never_creates_missing_source ... ok
test ordinary_open_rejects_legacy_format_without_modifying_source ... ok
test ordinary_open_rejects_dirty_legacy_redb_without_repairing_source ... ok
test sqlite_upgrade_reads_committed_wal_without_changing_source ... ok
test explicit_native_upgrade_preserves_durable_records_and_enforces_references ... ok
test native_upgrade_fences_active_work_claims_without_losing_attempts ... ok
test native_upgrade_interruption_before_publication_is_retryable ... ok
test invalid_native_upgrade_leaves_source_unchanged_and_destination_absent ... ok

test result: ok. 8 passed; 0 failed; 2 ignored; 0 measured; 0 filtered out; finished in 1.78s

     Running unittests src/lib.rs (/var/tmp/rom-ui-integration-cargo-target/debug/deps/rom_studio_host-2e6f7fb29d5081cf)

running 31 tests
test bootstrap_tests::bootstrap_denies_unknown_fields_and_invalid_store_or_authority_bounds ... ok
test assets_tests::asset_inventory_bounds_are_enforced_before_serving ... ok
test bootstrap_tests::bootstrap_matches_the_frontend_wire_contract_without_numeric_epoch_loss ... ok
test assets_tests::inventory_refuses_symbolic_links_instead_of_following_them ... ok
test backchannel_tests::internal_routing_changes_neither_public_claims_nor_other_provider_routes ... ok
test assets_tests::navigation_fallback_does_not_serve_unknown_assets_or_traversal ... ok
test csrf_tests::unsafe_requests_require_one_exact_origin_without_normalizing_attacker_input ... ok
test bootstrap_tests::html_bootstrap_is_bounded_escaped_and_shared_by_navigation_fallback ... ok
test lifecycle_tests::cancelled_caller_keeps_admission_until_owned_work_finishes ... ok
test jwks_tests::duplicate_metadata_and_duplicate_ids_are_rejected ... ok
test jwks_tests::certificate_metadata_cannot_override_algorithm_usage_or_key_operations ... ok
test login_tests::consumed_state_is_one_use_and_browser_and_provider_bound ... ok
test session_tests::cookie_and_csrf_secrets_are_independent_and_opaque ... ok
test csrf_tests::duplicate_cookie_names_cannot_select_a_different_session ... ok
test oidc_tests::original_expiry_parser_is_a_bound_not_an_authenticator ... ok
test login_tests::finite_attempt_admission_recovers_capacity_after_expiry ... ok
test oidc_provider_metadata_tests::original_authentik_registered_certificate_metadata_is_compatible ... ok
test jwks_tests::rsa_components_are_the_only_key_source ... ok
test session_tests::logout_cancels_all_session_observers_without_revoking_other_sessions ... ok
test jwks_tests::unused_metadata_has_closed_types_and_finite_bounds ... ok
test session_tests::transient_admission_failure_does_not_log_out_a_valid_session ... ok
test session_tests::shutdown_closes_existing_sessions_and_prevents_new_admission ... ok
test oidc_tests::key_sets_reject_duplicate_ids_and_token_selected_trust_fields ... ok
test session_tests::expired_sessions_release_capacity_and_never_extend_identity_expiry ... ok
test assets_tests::empty_directory_trees_cannot_bypass_inventory_work_limits ... ok
test lifecycle_tests::cancelled_drain_waiter_cannot_abandon_owned_authentication_work ... ok
test oidc_tests::client_secret_basic_uses_form_encoding_in_actual_network_header ... ok
test oidc_tests::jwks_acquisition_keeps_network_failure_temporary_without_admitting_tls_protocol_errors ... ok
test shutdown_tests::authentication_failure_does_not_skip_accepted_blob_drain ... ok
test oidc_tests::jwks_acquisition_timeout_does_not_destroy_or_extend_original_session_expiry ... ok
test oidc_tests::jwks_acquisition_separates_temporary_provider_status_from_credential_rejection ... ok

test result: ok. 31 passed; 0 failed; 0 ignored; 0 measured; 0 filtered out; finished in 0.27s

     Running tests/backchannel.rs (/var/tmp/rom-ui-integration-cargo-target/debug/deps/backchannel-b5bfc848053c4921)

running 2 tests
test trusted_backchannel_keeps_public_https_identity ... ok
test rejects_unbound_or_ambiguous_backchannels ... ok

test result: ok. 2 passed; 0 failed; 0 ignored; 0 measured; 0 filtered out; finished in 0.00s

     Running tests/coherence.rs (/var/tmp/rom-ui-integration-cargo-target/debug/deps/coherence-6c3cbd061be695f8)

running 2 tests
test impossible_body_admission_is_rejected_without_a_semaphore_panic ... ok
test blob_transport_requires_exact_shared_runtime_not_a_similar_configuration ... ok

test result: ok. 2 passed; 0 failed; 0 ignored; 0 measured; 0 filtered out; finished in 0.03s

     Running tests/configuration.rs (/var/tmp/rom-ui-integration-cargo-target/debug/deps/configuration-93564f3245b38ea5)

running 3 tests
test loopback_exception_cannot_enable_plaintext_network_deployment ... ok
test rejects_ambiguous_paths_duplicate_authorities_and_zero_limits ... ok
test pins_exact_public_origin_and_confines_all_provider_endpoints ... ok

test result: ok. 3 passed; 0 failed; 0 ignored; 0 measured; 0 filtered out; finished in 0.00s

     Running tests/configuration_root.rs (/var/tmp/rom-ui-integration-cargo-target/debug/deps/configuration_root-2f5719283c4f48b5)

running 1 test
test root_mount_is_valid_without_an_empty_slice_panic ... ok

test result: ok. 1 passed; 0 failed; 0 ignored; 0 measured; 0 filtered out; finished in 0.00s

     Running tests/host.rs (/var/tmp/rom-ui-integration-cargo-target/debug/deps/host-1970fffeb733abaa)

running 1 test
test host_mounts_assets_and_session_without_accepting_browser_actor_shortcuts ... ok

test result: ok. 1 passed; 0 failed; 0 ignored; 0 measured; 0 filtered out; finished in 0.06s

     Running tests/human.rs (/var/tmp/rom-ui-integration-cargo-target/debug/deps/human-cfa6e57c1bbc2bee)

running 4 tests
node:internal/modules/package_json_reader:256
  throw new ERR_MODULE_NOT_FOUND(packageName, fileURLToPath(base), null);
        ^

Error [ERR_MODULE_NOT_FOUND]: Cannot find package 'oidc-provider' imported from /root/.codex/worktrees/rom-ui-integration/ROM/demo/provider-fixture/human-server.mjs
    at Object.getPackageJSONURL (node:internal/modules/package_json_reader:256:9)
    at packageResolve (node:internal/modules/esm/resolve:768:81)
    at moduleResolve (node:internal/modules/esm/resolve:854:18)
    at defaultResolve (node:internal/modules/esm/resolve:984:11)
    at ModuleLoader.defaultResolve (node:internal/modules/esm/loader:780:12)
    at #cachedDefaultResolve (node:internal/modules/esm/loader:704:25)
    at ModuleLoader.resolve (node:internal/modules/esm/loader:687:38)
    at ModuleLoader.getModuleJobForImport (node:internal/modules/esm/loader:305:38)
    at ModuleJob._link (node:internal/modules/esm/module_job:137:49) {
  code: 'ERR_MODULE_NOT_FOUND'
}

Node.js v22.16.0
node:internal/modules/package_json_reader:256
  throw new ERR_MODULE_NOT_FOUND(packageName, fileURLToPath(base), null);
        ^

Error [ERR_MODULE_NOT_FOUND]: Cannot find package 'oidc-provider' imported from /root/.codex/worktrees/rom-ui-integration/ROM/demo/provider-fixture/human-server.mjs
    at Object.getPackageJSONURL (node:internal/modules/package_json_reader:256:9)
    at packageResolve (node:internal/modules/esm/resolve:768:81)
    at moduleResolve (node:internal/modules/esm/resolve:854:18)
    at defaultResolve (node:internal/modules/esm/resolve:984:11)
    at ModuleLoader.defaultResolve (node:internal/modules/esm/loader:780:12)
    at #cachedDefaultResolve (node:internal/modules/esm/loader:704:25)
    at ModuleLoader.resolve (node:internal/modules/esm/loader:687:38)
    at ModuleLoader.getModuleJobForImport (node:internal/modules/esm/loader:305:38)
    at ModuleJob._link (node:internal/modules/esm/module_job:137:49) {
  code: 'ERR_MODULE_NOT_FOUND'
}

Node.js v22.16.0
node:internal/modules/package_json_reader:256
  throw new ERR_MODULE_NOT_FOUND(packageName, fileURLToPath(base), null);
        ^

Error [ERR_MODULE_NOT_FOUND]: Cannot find package 'oidc-provider' imported from /root/.codex/worktrees/rom-ui-integration/ROM/demo/provider-fixture/human-server.mjs
    at Object.getPackageJSONURL (node:internal/modules/package_json_reader:256:9)
    at packageResolve (node:internal/modules/esm/resolve:768:81)
    at moduleResolve (node:internal/modules/esm/resolve:854:18)
    at defaultResolve (node:internal/modules/esm/resolve:984:11)
    at ModuleLoader.defaultResolve (node:internal/modules/esm/loader:780:12)
    at #cachedDefaultResolve (node:internal/modules/esm/loader:704:25)
    at ModuleLoader.resolve (node:internal/modules/esm/loader:687:38)
    at ModuleLoader.getModuleJobForImport (node:internal/modules/esm/loader:305:38)
    at ModuleJob._link (node:internal/modules/esm/module_job:137:49) {
  code: 'ERR_MODULE_NOT_FOUND'
}

Node.js v22.16.0
test logout_closes_stalled_current_identity_bind ... FAILED
test actual_provider_login_binds_current_resources_and_protects_generic_api ... FAILED
test expiry_rechecks_original_lease_after_current_bind_fails ... FAILED
node:internal/modules/package_json_reader:256
  throw new ERR_MODULE_NOT_FOUND(packageName, fileURLToPath(base), null);
        ^

Error [ERR_MODULE_NOT_FOUND]: Cannot find package 'oidc-provider' imported from /root/.codex/worktrees/rom-ui-integration/ROM/demo/provider-fixture/human-server.mjs
    at Object.getPackageJSONURL (node:internal/modules/package_json_reader:256:9)
    at packageResolve (node:internal/modules/esm/resolve:768:81)
    at moduleResolve (node:internal/modules/esm/resolve:854:18)
    at defaultResolve (node:internal/modules/esm/resolve:984:11)
    at ModuleLoader.defaultResolve (node:internal/modules/esm/loader:780:12)
    at #cachedDefaultResolve (node:internal/modules/esm/loader:704:25)
    at ModuleLoader.resolve (node:internal/modules/esm/loader:687:38)
    at ModuleLoader.getModuleJobForImport (node:internal/modules/esm/loader:305:38)
    at ModuleJob._link (node:internal/modules/esm/module_job:137:49) {
  code: 'ERR_MODULE_NOT_FOUND'
}

Node.js v22.16.0
test maintenance::real_provider_backup_migration_reopen_requires_fresh_session_and_current_authority ... FAILED

failures:

---- logout_closes_stalled_current_identity_bind stdout ----

thread 'logout_closes_stalled_current_identity_bind' (2445818) panicked at crates/rom-studio-host/tests/human.rs:94:64:
called `Result::unwrap()` on an `Err` value: Error("EOF while parsing a value", line: 1, column: 0)
note: run with `RUST_BACKTRACE=1` environment variable to display a backtrace

---- actual_provider_login_binds_current_resources_and_protects_generic_api stdout ----

thread 'actual_provider_login_binds_current_resources_and_protects_generic_api' (2445816) panicked at crates/rom-studio-host/tests/human.rs:94:64:
called `Result::unwrap()` on an `Err` value: Error("EOF while parsing a value", line: 1, column: 0)

---- expiry_rechecks_original_lease_after_current_bind_fails stdout ----

thread 'expiry_rechecks_original_lease_after_current_bind_fails' (2445817) panicked at crates/rom-studio-host/tests/human.rs:94:64:
called `Result::unwrap()` on an `Err` value: Error("EOF while parsing a value", line: 1, column: 0)

---- maintenance::real_provider_backup_migration_reopen_requires_fresh_session_and_current_authority stdout ----

thread 'maintenance::real_provider_backup_migration_reopen_requires_fresh_session_and_current_authority' (2445819) panicked at crates/rom-studio-host/tests/human.rs:94:64:
called `Result::unwrap()` on an `Err` value: Error("EOF while parsing a value", line: 1, column: 0)


failures:
    actual_provider_login_binds_current_resources_and_protects_generic_api
    expiry_rechecks_original_lease_after_current_bind_fails
    logout_closes_stalled_current_identity_bind
    maintenance::real_provider_backup_migration_reopen_requires_fresh_session_and_current_authority

test result: FAILED. 0 passed; 4 failed; 0 ignored; 0 measured; 0 filtered out; finished in 0.11s

error: test failed, to rerun pass `-p rom-studio-host --test human`
